date,amount
2010-07-30,"6,897"
2010-07-31,"5,564"
2010-08-01,"4,303"
2010-08-02,"6,642"
2010-08-03,"7,966"
2010-08-04,"7,893"
2010-08-05,"8,724"
2010-08-06,"9,797"
2010-08-07,"6,631"
2010-08-08,"7,864"
2010-08-09,"6,191"
2010-08-10,"4,802"
2010-08-11,"14,013"
2010-08-12,"13,080"
2010-08-13,"12,151"
2010-08-14,"9,195"
2010-08-15,"10,928"
2010-08-16,"15,384"
2010-08-17,"15,396"
2010-08-18,"16,062"
2010-08-19,"17,170"
2010-08-20,"16,462"
2010-08-21,"11,719"
2010-08-22,"10,129"
2010-08-23,"12,935"
2010-08-24,"17,006"
2010-08-25,"10,062"
2010-08-26,"9,875"
2010-08-27,"12,854"
2010-08-28,"10,116"
2010-08-29,"7,811"
2010-08-30,"10,534"
2010-08-31,"17,508"
2010-09-01,"19,332"
2010-09-02,"20,909"
2010-09-03,"20,113"
2010-09-04,"14,373"
2010-09-05,"12,924"
2010-09-06,"16,841"
2010-09-07,"25,361"
2010-09-08,"18,727"
2010-09-09,"20,774"
2010-09-10,"19,532"
2010-09-11,"13,383"
2010-09-12,"14,002"
2010-09-13,"18,037"
2010-09-14,"17,026"
2010-09-15,"20,890"
2010-09-16,"20,433"
2010-09-17,"20,488"
2010-09-18,"15,495"
2010-09-19,"11,492"
2010-09-20,"20,169"
2010-09-21,"22,906"
2010-09-22,"23,905"
2010-09-23,"17,729"
2010-09-24,"18,053"
2010-09-25,"14,010"
2010-09-26,"7,890"
2010-09-27,"18,789"
2010-09-28,"21,554"
2010-09-29,"13,899"
2010-09-30,"21,823"
2010-10-01,"11,424"
2010-10-02,"10,704"
2010-10-03,"8,237"
2010-10-04,"23,688"
2010-10-05,"22,054"
2010-10-06,"20,114"
2010-10-07,"24,072"
2010-10-08,"22,886"
2010-10-09,"14,463"
2010-10-10,"14,871"
2010-10-11,"21,986"
2010-10-12,"23,016"
2010-10-13,"22,251"
2010-10-14,"21,582"
2010-10-15,"20,934"
2010-10-16,"12,735"
2010-10-17,"12,764"
2010-10-18,"20,464"
2010-10-19,"17,964"
2010-10-20,"20,750"
2010-10-21,"21,161"
2010-10-22,"20,164"
2010-10-23,"11,584"
2010-10-24,"11,259"
2010-10-25,"18,430"
2010-10-26,"13,950"
2010-10-27,"19,559"
2010-10-28,"19,995"
2010-10-29,"19,119"
2010-10-30,"13,493"
2010-10-31,"8,739"
2010-11-01,"19,785"
2010-11-02,"21,754"
2010-11-03,"27,964"
2010-11-04,"22,424"
2010-11-05,"15,815"
2010-11-06,"11,877"
2010-11-07,"9,331"
2010-11-08,"11,328"
2010-11-09,"16,026"
2010-11-10,"19,767"
2010-11-11,"12,901"
2010-11-12,"14,534"
2010-11-13,"12,123"
2010-11-14,"6,235"
2010-11-15,"18,086"
2010-11-16,"18,764"
2010-11-17,"17,005"
2010-11-18,"15,974"
2010-11-19,"18,545"
2010-11-20,"10,806"
2010-11-21,"8,356"
2010-11-22,"17,258"
2010-11-23,"17,427"
2010-11-24,"18,628"
2010-11-25,"16,822"
2010-11-26,"16,092"
2010-11-27,"7,867"
2010-11-28,"6,866"
2010-11-29,"16,681"
2010-11-30,"9,263"
2010-12-01,"9,848"
2010-12-02,"7,356"
2010-12-03,"8,264"
2010-12-04,"7,857"
2010-12-05,"8,321"
2010-12-06,"13,855"
2010-12-07,"15,033"
2010-12-08,"15,225"
2010-12-09,"16,171"
2010-12-10,"15,602"
2010-12-11,"10,328"
2010-12-12,"8,585"
2010-12-13,"14,997"
2010-12-14,"15,550"
2010-12-15,"13,412"
2010-12-16,"10,833"
2010-12-17,"10,366"
2010-12-18,"2,805"
2010-12-19,"2,764"
2010-12-20,"6,876"
2010-12-21,"7,879"
2010-12-22,"9,718"
2010-12-23,"8,867"
2010-12-24,"5,402"
2010-12-25,"5,621"
2010-12-26,"4,383"
2010-12-27,"3,971"
2010-12-28,"3,763"
2010-12-29,"7,010"
2010-12-30,"7,464"
2010-12-31,"7,448"
2011-01-01,"4,555"
2011-01-02,"6,250"
2011-01-03,"7,262"
2011-01-04,"13,430"
2011-01-05,"13,757"
2011-01-06,"9,595"
2011-01-07,"9,294"
2011-01-08,"9,338"
2011-01-09,"10,558"
2011-01-10,"16,058"
2011-01-11,"16,412"
2011-01-12,"13,894"
2011-01-13,"15,911"
2011-01-14,"14,834"
2011-01-15,"11,851"
2011-01-16,"10,471"
2011-01-17,"10,835"
2011-01-18,"17,703"
2011-01-19,"18,350"
2011-01-20,"17,957"
2011-01-21,"16,509"
2011-01-22,"10,658"
2011-01-23,"9,911"
2011-01-24,"17,193"
2011-01-25,"17,045"
2011-01-26,"16,396"
2011-01-27,"16,519"
2011-01-28,"15,538"
2011-01-29,"9,379"
2011-01-30,"9,455"
2011-01-31,"16,260"
2011-02-01,"16,331"
2011-02-02,"18,102"
2011-02-03,"15,593"
2011-02-04,"14,938"
2011-02-05,"8,442"
2011-02-06,"9,437"
2011-02-07,"16,537"
2011-02-08,"19,829"
2011-02-09,"18,197"
2011-02-10,"11,496"
2011-02-11,"16,070"
2011-02-12,"12,855"
2011-02-13,"7,034"
2011-02-14,"17,836"
2011-02-15,"15,667"
2011-02-16,"18,989"
2011-02-17,"18,938"
2011-02-18,"17,460"
2011-02-19,"6,250"
2011-02-20,"7,882"
2011-02-21,"13,720"
2011-02-22,"15,948"
2011-02-23,"12,936"
2011-02-24,"19,230"
2011-02-25,"18,634"
2011-02-26,"7,749"
2011-02-27,"8,349"
2011-02-28,"13,843"
2011-03-01,"15,774"
2011-03-02,"16,929"
2011-03-03,"16,576"
2011-03-04,"16,971"
2011-03-05,"9,847"
2011-03-06,"7,142"
2011-03-07,"16,192"
2011-03-08,"17,240"
2011-03-09,"18,494"
2011-03-10,"18,794"
2011-03-11,"19,074"
2011-03-12,"15,488"
2011-03-13,"10,526"
2011-03-14,"19,451"
2011-03-15,"19,568"
2011-03-16,"19,643"
2011-03-17,"20,036"
2011-03-18,"14,612"
2011-03-19,"17,801"
2011-03-20,"14,694"
2011-03-21,"20,710"
2011-03-22,"21,792"
2011-03-23,"23,837"
2011-03-24,"23,518"
2011-03-25,"24,343"
2011-03-26,"16,095"
2011-03-27,"17,550"
2011-03-28,"21,602"
2011-03-29,"22,080"
2011-03-30,"18,945"
2011-03-31,"20,831"
2011-04-01,"22,048"
2011-04-02,"19,829"
2011-04-03,"17,294"
2011-04-04,"20,949"
2011-04-05,"16,690"
2011-04-06,"25,597"
2011-04-07,"25,451"
2011-04-08,"26,622"
2011-04-09,"22,323"
2011-04-10,"21,346"
2011-04-11,"22,204"
2011-04-12,"23,651"
2011-04-13,"18,909"
2011-04-14,"22,346"
2011-04-15,"22,974"
2011-04-16,"19,632"
2011-04-17,"22,009"
2011-04-18,"24,032"
2011-04-19,"27,914"
2011-04-20,"27,934"
2011-04-21,"26,547"
2011-04-22,"23,719"
2011-04-23,"19,182"
2011-04-24,"21,313"
2011-04-25,"21,669"
2011-04-26,"22,038"
2011-04-27,"24,349"
2011-04-28,"23,794"
2011-04-29,"19,700"
2011-04-30,"21,574"
2011-05-01,"19,489"
2011-05-02,"18,126"
2011-05-03,"23,786"
2011-05-04,"26,183"
2011-05-05,"23,620"
2011-05-06,"28,971"
2011-05-07,"22,274"
2011-05-08,"21,011"
2011-05-09,"27,172"
2011-05-10,"29,417"
2011-05-11,"27,205"
2011-05-12,"23,461"
2011-05-13,"23,991"
2011-05-14,"21,100"
2011-05-15,"19,097"
2011-05-16,"24,620"
2011-05-17,"25,464"
2011-05-18,"23,068"
2011-05-19,"27,534"
2011-05-20,"27,523"
2011-05-21,"24,408"
2011-05-22,"19,348"
2011-05-23,"24,268"
2011-05-24,"27,768"
2011-05-25,"28,708"
2011-05-26,"18,055"
2011-05-27,"22,907"
2011-05-28,"15,693"
2011-05-29,"18,396"
2011-05-30,"16,097"
2011-05-31,"23,312"
2011-06-01,"26,054"
2011-06-02,"26,920"
2011-06-03,"26,641"
2011-06-04,"15,233"
2011-06-05,"8,420"
2011-06-06,"13,812"
2011-06-07,"22,378"
2011-06-08,"23,013"
2011-06-09,"25,061"
2011-06-10,"20,141"
2011-06-11,"21,059"
2011-06-12,"6,061"
2011-06-13,"23,978"
2011-06-14,"28,889"
2011-06-15,"25,643"
2011-06-16,"17,566"
2011-06-17,"15,723"
2011-06-18,"13,721"
2011-06-19,"17,092"
2011-06-20,"20,101"
2011-06-21,"26,780"
2011-06-22,"22,745"
2011-06-23,"24,559"
2011-06-24,"22,137"
2011-06-25,"17,944"
2011-06-26,"23,483"
2011-06-27,"26,243"
2011-06-28,"21,950"
2011-06-29,"28,073"
2011-06-30,"27,297"
2011-07-01,"27,758"
2011-07-02,"22,764"
2011-07-03,"21,423"
2011-07-04,"27,332"
2011-07-05,"24,802"
2011-07-06,"26,207"
2011-07-07,"20,483"
2011-07-08,"19,485"
2011-07-09,"21,360"
2011-07-10,"20,203"
2011-07-11,"26,355"
2011-07-12,"26,633"
2011-07-13,"25,417"
2011-07-14,"26,479"
2011-07-15,"27,114"
2011-07-16,"10,224"
2011-07-17,"10,965"
2011-07-18,"18,541"
2011-07-19,"21,218"
2011-07-20,"21,580"
2011-07-21,"20,951"
2011-07-22,"25,172"
2011-07-23,"20,264"
2011-07-24,"22,464"
2011-07-25,"25,185"
2011-07-26,"25,636"
2011-07-27,"24,989"
2011-07-28,"26,759"
2011-07-29,"25,373"
2011-07-30,"23,930"
2011-07-31,"21,388"
2011-08-01,"22,940"
2011-08-02,"24,290"
2011-08-03,"26,120"
2011-08-04,"15,149"
2011-08-05,"26,792"
2011-08-06,"20,485"
2011-08-07,"14,912"
2011-08-08,"23,489"
2011-08-09,"23,011"
2011-08-10,"24,182"
2011-08-11,"20,573"
2011-08-12,"22,971"
2011-08-13,"20,731"
2011-08-14,"21,115"
2011-08-15,"23,657"
2011-08-16,"24,899"
2011-08-17,"23,010"
2011-08-18,"16,139"
2011-08-19,"25,444"
2011-08-20,"17,334"
2011-08-21,"21,836"
2011-08-22,"25,222"
2011-08-23,"10,953"
2011-08-24,"22,883"
2011-08-25,"20,026"
2011-08-26,"12,368"
2011-08-27,"14,045"
2011-08-28,"15,908"
2011-08-29,"17,443"
2011-08-30,"21,477"
2011-08-31,"23,036"
2011-09-01,"25,110"
2011-09-02,"25,981"
2011-09-03,"24,578"
2011-09-04,"14,967"
2011-09-05,"21,776"
2011-09-06,"13,863"
2011-09-07,"22,746"
2011-09-08,"23,679"
2011-09-09,"23,957"
2011-09-10,"20,069"
2011-09-11,"17,719"
2011-09-12,"21,572"
2011-09-13,"23,962"
2011-09-14,"25,824"
2011-09-15,"25,803"
2011-09-16,"25,567"
2011-09-17,"15,147"
2011-09-18,"17,327"
2011-09-19,"23,708"
2011-09-20,"23,676"
2011-09-21,"22,730"
2011-09-22,"24,601"
2011-09-23,"25,114"
2011-09-24,"22,113"
2011-09-25,"21,211"
2011-09-26,"20,527"
2011-09-27,"24,841"
2011-09-28,"28,434"
2011-09-29,"29,039"
2011-09-30,"29,139"
2011-10-01,"27,129"
2011-10-02,"26,906"
2011-10-03,"27,559"
2011-10-04,"26,131"
2011-10-05,"26,263"
2011-10-06,"25,083"
2011-10-07,"24,529"
2011-10-08,"18,154"
2011-10-09,"17,643"
2011-10-10,"24,198"
2011-10-11,"26,184"
2011-10-12,"26,323"
2011-10-13,"25,149"
2011-10-14,"26,542"
2011-10-15,"23,663"
2011-10-16,"18,530"
2011-10-17,"23,892"
2011-10-18,"23,791"
2011-10-19,"23,259"
2011-10-20,"23,157"
2011-10-21,"23,253"
2011-10-22,"20,482"
2011-10-23,"18,560"
2011-10-24,"22,842"
2011-10-25,"22,771"
2011-10-26,"17,621"
2011-10-27,"19,360"
2011-10-28,"23,158"
2011-10-29,"18,228"
2011-10-30,"15,443"
2011-10-31,"22,999"
2011-11-01,"22,747"
2011-11-02,"23,724"
2011-11-03,"18,676"
2011-11-04,"18,774"
2011-11-05,"16,434"
2011-11-06,"14,317"
2011-11-07,"20,365"
2011-11-08,"19,231"
2011-11-09,"22,542"
2011-11-10,"23,475"
2011-11-11,"21,140"
2011-11-12,"18,933"
2011-11-13,"17,744"
2011-11-14,"19,913"
2011-11-15,"22,245"
2011-11-16,"21,639"
2011-11-17,"22,802"
2011-11-18,"22,461"
2011-11-19,"18,706"
2011-11-20,"14,829"
2011-11-21,"20,824"
2011-11-22,"20,341"
2011-11-23,"21,855"
2011-11-24,"21,870"
2011-11-25,"21,598"
2011-11-26,"15,803"
2011-11-27,"14,362"
2011-11-28,"20,167"
2011-11-29,"18,718"
2011-11-30,"20,956"
2011-12-01,"16,481"
2011-12-02,"19,146"
2011-12-03,"13,776"
2011-12-04,"10,276"
2011-12-05,"18,176"
2011-12-06,"18,943"
2011-12-07,"19,279"
2011-12-08,"17,313"
2011-12-09,"18,421"
2011-12-10,"11,864"
2011-12-11,"8,368"
2011-12-12,"16,554"
2011-12-13,"17,111"
2011-12-14,"17,543"
2011-12-15,"17,081"
2011-12-16,"11,778"
2011-12-17,"8,925"
2011-12-18,"7,485"
2011-12-19,"11,270"
2011-12-20,"15,685"
2011-12-21,"14,158"
2011-12-22,"15,099"
2011-12-23,"9,131"
2011-12-24,"4,890"
2011-12-25,"17,998"
2011-12-26,"10,953"
2011-12-27,"8,076"
2011-12-28,"9,888"
2011-12-29,"8,368"
2011-12-30,"6,900"
2011-12-31,"7,793"
2012-01-01,"5,171"
2012-01-02,"9,091"
2012-01-03,"10,094"
2012-01-04,"13,936"
2012-01-05,"14,191"
2012-01-06,"17,713"
2012-01-07,"12,556"
2012-01-08,"10,487"
2012-01-09,"19,472"
2012-01-10,"20,548"
2012-01-11,"20,958"
2012-01-12,"20,879"
2012-01-13,"19,691"
2012-01-14,"13,843"
2012-01-15,"12,149"
2012-01-16,"19,136"
2012-01-17,"20,170"
2012-01-18,"17,972"
2012-01-19,"15,441"
2012-01-20,"18,703"
2012-01-21,"13,339"
2012-01-22,"12,845"
2012-01-23,"20,193"
2012-01-24,"13,269"
2012-01-25,"20,836"
2012-01-26,"19,515"
2012-01-27,"20,775"
2012-01-28,"13,272"
2012-01-29,"10,949"
2012-01-30,"18,955"
2012-01-31,"18,176"
2012-02-01,"18,208"
2012-02-02,"16,916"
2012-02-03,"16,185"
2012-02-04,"8,348"
2012-02-05,"3,531"
2012-02-06,"15,202"
2012-02-07,"17,722"
2012-02-08,"16,442"
2012-02-09,"16,363"
2012-02-10,"15,117"
2012-02-11,"9,912"
2012-02-12,"8,020"
2012-02-13,"13,172"
2012-02-14,"17,946"
2012-02-15,"19,396"
2012-02-16,"19,505"
2012-02-17,"19,444"
2012-02-18,"9,463"
2012-02-19,"12,655"
2012-02-20,"18,802"
2012-02-21,"20,861"
2012-02-22,"18,112"
2012-02-23,"23,391"
2012-02-24,"22,067"
2012-02-25,"19,349"
2012-02-26,"17,646"
2012-02-27,"20,936"
2012-02-28,"23,423"
2012-02-29,"23,692"
2012-03-01,"25,116"
2012-03-02,"21,928"
2012-03-03,"17,697"
2012-03-04,"5,062"
2012-03-05,"19,342"
2012-03-06,"21,102"
2012-03-07,"17,096"
2012-03-08,"24,123"
2012-03-09,"23,609"
2012-03-10,"24,721"
2012-03-11,"27,758"
2012-03-12,"28,856"
2012-03-13,"27,528"
2012-03-14,"28,296"
2012-03-15,"29,969"
2012-03-16,"26,452"
2012-03-17,"13,391"
2012-03-18,"19,184"
2012-03-19,"28,391"
2012-03-20,"30,817"
2012-03-21,"31,175"
2012-03-22,"31,135"
2012-03-23,"33,635"
2012-03-24,"35,091"
2012-03-25,"28,607"
2012-03-26,"32,368"
2012-03-27,"34,563"
2012-03-28,"36,539"
2012-03-29,"35,954"
2012-03-30,"35,666"
2012-03-31,"23,038"
2012-04-01,"30,513"
2012-04-02,"32,142"
2012-04-03,"25,956"
2012-04-04,"27,912"
2012-04-05,"24,383"
2012-04-06,"22,354"
2012-04-07,"16,848"
2012-04-08,"15,717"
2012-04-09,"6,214"
2012-04-10,"24,898"
2012-04-11,"29,345"
2012-04-12,"25,772"
2012-04-13,"27,673"
2012-04-14,"26,193"
2012-04-15,"10,188"
2012-04-16,"28,188"
2012-04-17,"20,105"
2012-04-18,"16,651"
2012-04-19,"18,759"
2012-04-20,"22,730"
2012-04-21,"22,014"
2012-04-22,"19,707"
2012-04-23,"19,262"
2012-04-24,"27,522"
2012-04-25,"12,737"
2012-04-26,"21,740"
2012-04-27,"24,263"
2012-04-28,"7,827"
2012-04-29,"9,951"
2012-04-30,"31,909"
2012-05-01,"24,523"
2012-05-02,"28,381"
2012-05-03,"23,768"
2012-05-04,"25,503"
2012-05-05,"16,009"
2012-05-06,"17,160"
2012-05-07,"15,227"
2012-05-08,"28,585"
2012-05-09,"21,758"
2012-05-10,"26,164"
2012-05-11,"31,385"
2012-05-12,"30,699"
2012-05-13,"28,778"
2012-05-14,"23,344"
2012-05-15,"18,409"
2012-05-16,"31,453"
2012-05-17,"31,219"
2012-05-18,"30,945"
2012-05-19,"28,474"
2012-05-20,"22,286"
2012-05-21,"30,905"
2012-05-22,"36,720"
2012-05-23,"40,486"
2012-05-24,"42,008"
2012-05-25,"41,357"
2012-05-26,"39,358"
2012-05-27,"38,781"
2012-05-28,"40,872"
2012-05-29,"37,962"
2012-05-30,"38,803"
2012-05-31,"35,630"
2012-06-01,"34,524"
2012-06-02,"25,283"
2012-06-03,"12,207"
2012-06-04,"22,649"
2012-06-05,"15,537"
2012-06-06,"30,297"
2012-06-07,"23,066"
2012-06-08,"22,224"
2012-06-09,"29,258"
2012-06-10,"20,876"
2012-06-11,"10,252"
2012-06-12,"23,742"
2012-06-13,"34,447"
2012-06-14,"31,593"
2012-06-15,"30,944"
2012-06-16,"26,300"
2012-06-17,"28,531"
2012-06-18,"31,089"
2012-06-19,"37,601"
2012-06-20,"39,267"
2012-06-21,"27,052"
2012-06-22,"33,027"
2012-06-23,"26,900"
2012-06-24,"23,509"
2012-06-25,"36,337"
2012-06-26,"37,652"
2012-06-27,"36,767"
2012-06-28,"39,571"
2012-06-29,"35,321"
2012-06-30,"32,982"
2012-07-01,"27,438"
2012-07-02,"24,963"
2012-07-03,"27,163"
2012-07-04,"32,433"
2012-07-05,"40,565"
2012-07-06,"24,723"
2012-07-07,"24,782"
2012-07-08,"15,855"
2012-07-09,"30,523"
2012-07-10,"29,723"
2012-07-11,"30,544"
2012-07-12,"24,736"
2012-07-13,"28,875"
2012-07-14,"17,999"
2012-07-15,"29,938"
2012-07-16,"24,218"
2012-07-17,"36,788"
2012-07-18,"29,841"
2012-07-19,"37,032"
2012-07-20,"31,187"
2012-07-21,"34,776"
2012-07-22,"38,620"
2012-07-23,"42,309"
2012-07-24,"45,748"
2012-07-25,"45,024"
2012-07-26,"46,891"
2012-07-27,"42,815"
2012-07-28,"44,617"
2012-07-29,"26,352"
2012-07-30,"41,891"
2012-07-31,"35,805"
2012-08-01,"41,603"
2012-08-02,"43,183"
2012-08-03,"43,045"
2012-08-04,"39,082"
2012-08-05,"30,150"
2012-08-06,"37,198"
2012-08-07,"38,134"
2012-08-08,"42,263"
2012-08-09,"46,050"
2012-08-10,"47,102"
2012-08-11,"44,111"
2012-08-12,"41,734"
2012-08-13,"36,101"
2012-08-14,"41,532"
2012-08-15,"36,557"
2012-08-16,"38,181"
2012-08-17,"40,821"
2012-08-18,"40,577"
2012-08-19,"35,370"
2012-08-20,"37,997"
2012-08-21,"39,185"
2012-08-22,"39,962"
2012-08-23,"36,578"
2012-08-24,"33,329"
2012-08-25,"17,802"
2012-08-26,"31,939"
2012-08-27,"27,522"
2012-08-28,"37,362"
2012-08-29,"30,916"
2012-08-30,"30,379"
2012-08-31,"37,406"
2012-09-01,"33,123"
2012-09-02,"27,997"
2012-09-03,"39,941"
2012-09-04,"40,298"
2012-09-05,"40,606"
2012-09-06,"39,864"
2012-09-07,"41,414"
2012-09-08,"40,978"
2012-09-09,"39,006"
2012-09-10,"35,489"
2012-09-11,"37,276"
2012-09-12,"35,654"
2012-09-13,"37,938"
2012-09-14,"36,653"
2012-09-15,"36,493"
2012-09-16,"29,785"
2012-09-17,"35,954"
2012-09-18,"37,026"
2012-09-19,"36,136"
2012-09-20,"35,929"
2012-09-21,"32,347"
2012-09-22,"33,867"
2012-09-23,"8,452"
2012-09-24,"21,229"
2012-09-25,"33,706"
2012-09-26,"27,202"
2012-09-27,"32,416"
2012-09-28,"31,880"
2012-09-29,"31,223"
2012-09-30,"25,263"
2012-10-01,"23,627"
2012-10-02,"30,107"
2012-10-03,"32,695"
2012-10-04,"35,136"
2012-10-05,"23,773"
2012-10-06,"30,424"
2012-10-07,"27,168"
2012-10-08,"22,984"
2012-10-09,"32,965"
2012-10-10,"35,221"
2012-10-11,"25,324"
2012-10-12,"31,694"
2012-10-13,"26,289"
2012-10-14,"25,440"
2012-10-15,"30,558"
2012-10-16,"33,253"
2012-10-17,"30,285"
2012-10-18,"32,566"
2012-10-19,"21,001"
2012-10-20,"25,411"
2012-10-21,"15,563"
2012-10-22,"27,294"
2012-10-23,"31,996"
2012-10-24,"33,882"
2012-10-25,"29,515"
2012-10-26,"26,404"
2012-10-27,"17,144"
2012-10-28,"15,305"
2012-10-29,"24,276"
2012-10-30,"30,325"
2012-10-31,"29,241"
2012-11-01,"26,888"
2012-11-02,"28,748"
2012-11-03,"21,498"
2012-11-04,"11,693"
2012-11-05,"27,666"
2012-11-06,"27,038"
2012-11-07,"29,537"
2012-11-08,"29,895"
2012-11-09,"29,349"
2012-11-10,"18,018"
2012-11-11,"20,971"
2012-11-12,"23,680"
2012-11-13,"30,511"
2012-11-14,"31,453"
2012-11-15,"30,165"
2012-11-16,"28,143"
2012-11-17,"20,325"
2012-11-18,"21,664"
2012-11-19,"28,127"
2012-11-20,"25,921"
2012-11-21,"20,554"
2012-11-22,"27,783"
2012-11-23,"27,973"
2012-11-24,"8,902"
2012-11-25,"16,894"
2012-11-26,"20,656"
2012-11-27,"20,388"
2012-11-28,"21,403"
2012-11-29,"26,212"
2012-11-30,"24,838"
2012-12-01,"16,068"
2012-12-02,"15,227"
2012-12-03,"23,592"
2012-12-04,"26,144"
2012-12-05,"23,111"
2012-12-06,"22,645"
2012-12-07,"20,140"
2012-12-08,"17,805"
2012-12-09,"14,147"
2012-12-10,"23,937"
2012-12-11,"23,531"
2012-12-12,"22,344"
2012-12-13,"21,704"
2012-12-14,"17,085"
2012-12-15,"16,962"
2012-12-16,"14,128"
2012-12-17,"22,899"
2012-12-18,"23,651"
2012-12-19,"16,828"
2012-12-20,"12,401"
2012-12-21,"20,395"
2012-12-22,"5,644"
2012-12-23,"9,184"
2012-12-24,"7,985"
2012-12-25,"16,816"
2012-12-26,"10,405"
2012-12-27,"9,013"
2012-12-28,"10,947"
2012-12-29,"8,498"
2012-12-30,"11,343"
2012-12-31,"8,865"
2013-01-01,"12,149"
2013-01-02,"16,203"
2013-01-03,"21,269"
2013-01-04,"22,435"
2013-01-05,"16,242"
2013-01-06,"13,622"
2013-01-07,"23,348"
2013-01-08,"25,909"
2013-01-09,"25,341"
2013-01-10,"24,363"
2013-01-11,"23,869"
2013-01-12,"13,562"
2013-01-13,"12,260"
2013-01-14,"17,427"
2013-01-15,"22,797"
2013-01-16,"22,460"
2013-01-17,"22,210"
2013-01-18,"13,108"
2013-01-19,"7,843"
2013-01-20,"3,728"
2013-01-21,"13,467"
2013-01-22,"18,061"
2013-01-23,"19,404"
2013-01-24,"20,721"
2013-01-25,"20,178"
2013-01-26,"14,595"
2013-01-27,"13,689"
2013-01-28,"18,689"
2013-01-29,"21,268"
2013-01-30,"23,415"
2013-01-31,"21,957"
2013-02-01,"18,081"
2013-02-02,"15,757"
2013-02-03,"13,572"
2013-02-04,"23,017"
2013-02-05,"21,177"
2013-02-06,"20,664"
2013-02-07,"20,852"
2013-02-08,"20,571"
2013-02-09,"11,274"
2013-02-10,"4,901"
2013-02-11,"13,468"
2013-02-12,"20,342"
2013-02-13,"21,051"
2013-02-14,"21,034"
2013-02-15,"22,952"
2013-02-16,"19,072"
2013-02-17,"19,044"
2013-02-18,"22,724"
2013-02-19,"24,525"
2013-02-20,"20,938"
2013-02-21,"19,757"
2013-02-22,"18,313"
2013-02-23,"11,234"
2013-02-24,"9,404"
2013-02-25,"19,800"
2013-02-26,"19,595"
2013-02-27,"21,484"
2013-02-28,"21,985"
2013-03-01,"19,487"
2013-03-02,"15,265"
2013-03-03,"14,520"
2013-03-04,"23,036"
2013-03-05,"27,054"
2013-03-06,"24,324"
2013-03-07,"17,322"
2013-03-08,"13,843"
2013-03-09,"14,244"
2013-03-10,"10,163"
2013-03-11,"16,546"
2013-03-12,"18,794"
2013-03-13,"20,245"
2013-03-14,"21,984"
2013-03-15,"17,159"
2013-03-16,"9,190"
2013-03-17,"7,940"
2013-03-18,"15,852"
2013-03-19,"22,479"
2013-03-20,"22,216"
2013-03-21,"22,061"
2013-03-22,"16,233"
2013-03-23,"5,249"
2013-03-24,"6,786"
2013-03-25,"17,290"
2013-03-26,"18,384"
2013-03-27,"19,184"
2013-03-28,"18,052"
2013-03-29,"10,909"
2013-03-30,"9,793"
2013-03-31,"9,007"
2013-04-01,"9,421"
2013-04-02,"19,148"
2013-04-03,"17,801"
2013-04-04,"15,626"
2013-04-05,"18,059"
2013-04-06,"18,216"
2013-04-07,"18,090"
2013-04-08,"21,797"
2013-04-09,"17,555"
2013-04-10,"22,233"
2013-04-11,"19,240"
2013-04-12,"15,100"
2013-04-13,"11,291"
2013-04-14,"25,074"
2013-04-15,"24,923"
2013-04-16,"26,060"
2013-04-17,"25,730"
2013-04-18,"23,979"
2013-04-19,"24,297"
2013-04-20,"26,724"
2013-04-21,"22,466"
2013-04-22,"25,384"
2013-04-23,"31,359"
2013-04-24,"30,193"
2013-04-25,"32,000"
2013-04-26,"23,125"
2013-04-27,"17,337"
2013-04-28,"19,139"
2013-04-29,"27,644"
2013-04-30,"29,219"
2013-05-01,"31,175"
2013-05-02,"31,239"
2013-05-03,"31,340"
2013-05-04,"19,156"
2013-05-05,"24,342"
2013-05-06,"29,015"
2013-05-07,"30,707"
2013-05-08,"26,032"
2013-05-09,"24,250"
2013-05-10,"26,399"
2013-05-11,"16,627"
2013-05-12,"15,918"
2013-05-13,"24,836"
2013-05-14,"18,054"
2013-05-15,"24,015"
2013-05-16,"26,070"
2013-05-17,"24,932"
2013-05-18,"22,272"
2013-05-19,"23,994"
2013-05-20,"25,914"
2013-05-21,"27,649"
2013-05-22,"26,967"
2013-05-23,"24,701"
2013-05-24,"12,891"
2013-05-25,"21,087"
2013-05-26,"27,251"
2013-05-27,"25,819"
2013-05-28,"14,556"
2013-05-29,"21,440"
2013-05-30,"22,150"
2013-05-31,"29,136"
2013-06-01,"24,782"
2013-06-02,"27,202"
2013-06-03,"29,940"
2013-06-04,"32,397"
2013-06-05,"32,488"
2013-06-06,"32,829"
2013-06-07,"28,762"
2013-06-08,"27,264"
2013-06-09,"19,429"
2013-06-10,"27,336"
2013-06-11,"26,601"
2013-06-12,"24,401"
2013-06-13,"26,388"
2013-06-14,"28,797"
2013-06-15,"16,020"
2013-06-16,"19,970"
2013-06-17,"28,611"
2013-06-18,"30,871"
2013-06-19,"31,899"
2013-06-20,"29,959"
2013-06-21,"28,844"
2013-06-22,"19,483"
2013-06-23,"19,006"
2013-06-24,"27,636"
2013-06-25,"31,889"
2013-06-26,"31,156"
2013-06-27,"27,306"
2013-06-28,"22,074"
2013-06-29,"29,054"
2013-06-30,"31,237"
2013-07-01,"31,151"
2013-07-02,"30,163"
2013-07-03,"30,780"
2013-07-04,"32,941"
2013-07-05,"34,704"
2013-07-06,"34,191"
2013-07-07,"31,363"
2013-07-08,"34,263"
2013-07-09,"35,519"
2013-07-10,"33,629"
2013-07-11,"33,792"
2013-07-12,"33,173"
2013-07-13,"33,509"
2013-07-14,"32,169"
2013-07-15,"34,419"
2013-07-16,"35,580"
2013-07-17,"35,203"
2013-07-18,"35,330"
2013-07-19,"35,196"
2013-07-20,"28,332"
2013-07-21,"30,075"
2013-07-22,"33,176"
2013-07-23,"31,624"
2013-07-24,"34,038"
2013-07-25,"33,683"
2013-07-26,"34,681"
2013-07-27,"25,761"
2013-07-28,"28,177"
2013-07-29,"30,415"
2013-07-30,"22,742"
2013-07-31,"28,976"
2013-08-01,"34,770"
2013-08-02,"29,109"
2013-08-03,"34,928"
2013-08-04,"32,580"
2013-08-05,"23,864"
2013-08-06,"33,631"
2013-08-07,"33,084"
2013-08-08,"33,737"
2013-08-09,"28,206"
2013-08-10,"28,830"
2013-08-11,"29,530"
2013-08-12,"30,425"
2013-08-13,"30,933"
2013-08-14,"31,412"
2013-08-15,"30,865"
2013-08-16,"25,555"
2013-08-17,"23,931"
2013-08-18,"26,910"
2013-08-19,"31,183"
2013-08-20,"33,578"
2013-08-21,"33,214"
2013-08-22,"22,363"
2013-08-23,"30,665"
2013-08-24,"7,341"
2013-08-25,"21,638"
2013-08-26,"27,802"
2013-08-27,"29,563"
2013-08-28,"32,024"
2013-08-29,"31,639"
2013-08-30,"31,127"
2013-08-31,"29,718"
2013-09-01,"23,856"
2013-09-02,"31,292"
2013-09-03,"31,600"
2013-09-04,"33,406"
2013-09-05,"33,574"
2013-09-06,"20,930"
2013-09-07,"21,279"
2013-09-08,"18,046"
2013-09-09,"17,943"
2013-09-10,"24,558"
2013-09-11,"23,386"
2013-09-12,"24,246"
2013-09-13,"15,392"
2013-09-14,"12,977"
2013-09-15,"4,826"
2013-09-16,"21,892"
2013-09-17,"18,428"
2013-09-18,"25,319"
2013-09-19,"18,746"
2013-09-20,"26,196"
2013-09-21,"21,988"
2013-09-22,"22,683"
2013-09-23,"26,625"
2013-09-24,"28,666"
2013-09-25,"28,183"
2013-09-26,"28,857"
2013-09-27,"27,371"
2013-09-28,"21,716"
2013-09-29,"20,654"
2013-09-30,"27,089"
2013-10-01,"27,711"
2013-10-02,"26,467"
2013-10-03,"25,153"
2013-10-04,"26,522"
2013-10-05,"22,996"
2013-10-06,"25,143"
2013-10-07,"26,680"
2013-10-08,"27,598"
2013-10-09,"26,433"
2013-10-10,"23,497"
2013-10-11,"15,640"
2013-10-12,"17,068"
2013-10-13,"7,068"
2013-10-14,"18,979"
2013-10-15,"24,657"
2013-10-16,"20,562"
2013-10-17,"25,170"
2013-10-18,"24,880"
2013-10-19,"17,430"
2013-10-20,"11,396"
2013-10-21,"21,385"
2013-10-22,"22,316"
2013-10-23,"24,178"
2013-10-24,"26,399"
2013-10-25,"23,677"
2013-10-26,"16,986"
2013-10-27,"15,652"
2013-10-28,"14,577"
2013-10-29,"23,126"
2013-10-30,"24,753"
2013-10-31,"20,055"
2013-11-01,"20,597"
2013-11-02,"15,347"
2013-11-03,"13,063"
2013-11-04,"20,369"
2013-11-05,"19,326"
2013-11-06,"18,431"
2013-11-07,"22,527"
2013-11-08,"15,188"
2013-11-09,"6,772"
2013-11-10,"9,767"
2013-11-11,"14,377"
2013-11-12,"19,572"
2013-11-13,"22,021"
2013-11-14,"21,061"
2013-11-15,"20,850"
2013-11-16,"15,029"
2013-11-17,"12,340"
2013-11-18,"18,491"
2013-11-19,"20,335"
2013-11-20,"14,115"
2013-11-21,"18,668"
2013-11-22,"18,789"
2013-11-23,"13,276"
2013-11-24,"10,505"
2013-11-25,"19,201"
2013-11-26,"20,486"
2013-11-27,"20,274"
2013-11-28,"20,649"
2013-11-29,"19,397"
2013-11-30,"13,323"
2013-12-01,"11,711"
2013-12-02,"19,630"
2013-12-03,"20,242"
2013-12-04,"20,035"
2013-12-05,"18,326"
2013-12-06,"18,494"
2013-12-07,"13,625"
2013-12-08,"13,076"
2013-12-09,"19,969"
2013-12-10,"20,432"
2013-12-11,"19,123"
2013-12-12,"19,420"
2013-12-13,"16,921"
2013-12-14,"14,049"
2013-12-15,"8,557"
2013-12-16,"13,825"
2013-12-17,"15,689"
2013-12-18,"17,311"
2013-12-19,"17,738"
2013-12-20,"18,046"
2013-12-21,"5,774"
2013-12-22,"9,233"
2013-12-23,"6,246"
2013-12-24,"6,201"
2013-12-25,"27,715"
2013-12-26,"7,666"
2013-12-27,"7,258"
2013-12-28,"10,533"
2013-12-29,"10,983"
2013-12-30,"8,413"
2013-12-31,"7,701"
2014-01-01,"4,327"
2014-01-02,"15,820"
2014-01-03,"11,636"
2014-01-04,"6,918"
2014-01-05,"9,145"
2014-01-06,"13,066"
2014-01-07,"17,420"
2014-01-08,"19,770"
2014-01-09,"19,143"
2014-01-10,"18,840"
2014-01-11,"15,723"
2014-01-12,"11,975"
2014-01-13,"17,721"
2014-01-14,"20,740"
2014-01-15,"19,243"
2014-01-16,"18,861"
2014-01-17,"17,434"
2014-01-18,"15,333"
2014-01-19,"16,083"
2014-01-20,"21,218"
2014-01-21,"21,756"
2014-01-22,"21,072"
2014-01-23,"20,020"
2014-01-24,"19,272"
2014-01-25,"14,581"
2014-01-26,"7,033"
2014-01-27,"18,285"
2014-01-28,"19,939"
2014-01-29,"10,585"
2014-01-30,"17,052"
2014-01-31,"13,859"
2014-02-01,"13,981"
2014-02-02,"15,924"
2014-02-03,"20,370"
2014-02-04,"21,217"
2014-02-05,"29,418"
2014-02-06,"25,395"
2014-02-07,"19,857"
2014-02-08,"10,928"
2014-02-09,"11,657"
2014-02-10,"19,278"
2014-02-11,"18,514"
2014-02-12,"18,000"
2014-02-13,"20,954"
2014-02-14,"12,794"
2014-02-15,"11,208"
2014-02-16,"18,484"
2014-02-17,"19,013"
2014-02-18,"19,484"
2014-02-19,"21,556"
2014-02-20,"19,396"
2014-02-21,"21,269"
2014-02-22,"20,033"
2014-02-23,"13,680"
2014-02-24,"21,469"
2014-02-25,"20,713"
2014-02-26,"23,938"
2014-02-27,"20,629"
2014-02-28,"13,781"
2014-03-01,"18,823"
2014-03-02,"11,727"
2014-03-03,"18,150"
2014-03-04,"23,069"
2014-03-05,"25,102"
2014-03-06,"24,696"
2014-03-07,"24,385"
2014-03-08,"25,556"
2014-03-09,"33,955"
2014-03-10,"24,347"
2014-03-11,"23,871"
2014-03-12,"27,173"
2014-03-13,"27,552"
2014-03-14,"28,134"
2014-03-15,"29,664"
2014-03-16,"34,421"
2014-03-17,"26,465"
2014-03-18,"25,502"
2014-03-19,"26,719"
2014-03-20,"23,718"
2014-03-21,"23,821"
2014-03-22,"19,091"
2014-03-23,"17,463"
2014-03-24,"24,055"
2014-03-25,"19,421"
2014-03-26,"20,493"
2014-03-27,"23,462"
2014-03-28,"24,198"
2014-03-29,"29,511"
2014-03-30,"26,605"
2014-03-31,"26,715"
2014-04-01,"29,782"
2014-04-02,"28,876"
2014-04-03,"28,245"
2014-04-04,"27,401"
2014-04-05,"25,648"
2014-04-06,"16,387"
2014-04-07,"18,883"
2014-04-08,"26,654"
2014-04-09,"29,621"
2014-04-10,"29,229"
2014-04-11,"28,435"
2014-04-12,"25,706"
2014-04-13,"31,404"
2014-04-14,"28,742"
2014-04-15,"30,031"
2014-04-16,"30,934"
2014-04-17,"27,676"
2014-04-18,"22,152"
2014-04-19,"21,424"
2014-04-20,"7,188"
2014-04-21,"20,532"
2014-04-22,"22,689"
2014-04-23,"27,102"
2014-04-24,"29,119"
2014-04-25,"20,400"
2014-04-26,"25,195"
2014-04-27,"21,284"
2014-04-28,"29,474"
2014-04-29,"46,333"
2014-04-30,"49,025"
2014-05-01,"16,644"
2014-05-02,"26,510"
2014-05-03,"31,534"
2014-05-04,"33,030"
2014-05-05,"33,748"
2014-05-06,"32,323"
2014-05-07,"28,802"
2014-05-08,"19,398"
2014-05-09,"30,131"
2014-05-10,"19,373"
2014-05-11,"17,645"
2014-05-12,"26,149"
2014-05-13,"25,351"
2014-05-14,"34,122"
2014-05-15,"35,148"
2014-05-16,"36,268"
2014-05-17,"38,147"
2014-05-18,"43,663"
2014-05-19,"37,088"
2014-05-20,"33,626"
2014-05-21,"34,437"
2014-05-22,"30,819"
2014-05-23,"30,556"
2014-05-24,"18,723"
2014-05-25,"33,401"
2014-05-26,"12,049"
2014-05-27,"14,446"
2014-05-28,"21,978"
2014-05-29,"29,229"
2014-05-30,"31,331"
2014-05-31,"35,040"
2014-06-01,"36,655"
2014-06-02,"33,481"
2014-06-03,"29,332"
2014-06-04,"25,905"
2014-06-05,"34,617"
2014-06-06,"37,440"
2014-06-07,"29,919"
2014-06-08,"44,415"
2014-06-09,"34,305"
2014-06-10,"40,128"
2014-06-11,"39,582"
2014-06-12,"39,928"
2014-06-13,"40,036"
2014-06-14,"32,758"
2014-06-15,"28,944"
2014-06-16,"31,592"
2014-06-17,"37,658"
2014-06-18,"35,431"
2014-06-19,"36,113"
2014-06-20,"36,924"
2014-06-21,"42,463"
2014-06-22,"41,596"
2014-06-23,"35,206"
2014-06-24,"38,066"
2014-06-25,"39,623"
2014-06-26,"35,438"
2014-06-27,"35,912"
2014-06-28,"20,199"
2014-06-29,"26,714"
2014-06-30,"32,193"
2014-07-01,"39,495"
2014-07-02,"40,878"
2014-07-03,"43,116"
2014-07-04,"38,316"
2014-07-05,"27,332"
2014-07-06,"31,117"
2014-07-07,"36,191"
2014-07-08,"35,107"
2014-07-09,"38,844"
2014-07-10,"32,108"
2014-07-11,"27,618"
2014-07-12,"38,331"
2014-07-13,"33,227"
2014-07-14,"38,450"
2014-07-15,"40,888"
2014-07-16,"42,341"
2014-07-17,"42,404"
2014-07-18,"40,543"
2014-07-19,"37,061"
2014-07-20,"34,379"
2014-07-21,"38,499"
2014-07-22,"42,928"
2014-07-23,"42,486"
2014-07-24,"42,412"
2014-07-25,"31,881"
2014-07-26,"43,788"
2014-07-27,"39,917"
2014-07-28,"36,203"
2014-07-29,"42,308"
2014-07-30,"43,044"
2014-07-31,"41,970"
2014-08-01,"40,009"
2014-08-02,"38,046"
2014-08-03,"41,944"
2014-08-04,"39,856"
2014-08-05,"40,716"
2014-08-06,"38,665"
2014-08-07,"42,491"
2014-08-08,"34,234"
2014-08-09,"47,454"
2014-08-10,"23,980"
2014-08-11,"31,725"
2014-08-12,"34,827"
2014-08-13,"37,856"
2014-08-14,"27,185"
2014-08-15,"32,510"
2014-08-16,"47,245"
2014-08-17,"39,952"
2014-08-18,"30,784"
2014-08-19,"35,332"
2014-08-20,"36,817"
2014-08-21,"33,236"
2014-08-22,"34,047"
2014-08-23,"29,999"
2014-08-24,"30,962"
2014-08-25,"6,175"
2014-08-26,"18,448"
2014-08-27,"32,286"
2014-08-28,"31,842"
2014-08-29,"32,439"
2014-08-30,"30,832"
2014-08-31,"33,312"
2014-09-01,"27,455"
2014-09-02,"36,836"
2014-09-03,"36,523"
2014-09-04,"35,448"
2014-09-05,"35,013"
2014-09-06,"33,434"
2014-09-07,"34,248"
2014-09-08,"36,983"
2014-09-09,"37,674"
2014-09-10,"37,091"
2014-09-11,"35,303"
2014-09-12,"37,144"
2014-09-13,"34,174"
2014-09-14,"31,770"
2014-09-15,"36,629"
2014-09-16,"37,535"
2014-09-17,"38,583"
2014-09-18,"38,442"
2014-09-19,"36,841"
2014-09-20,"31,031"
2014-09-21,"33,334"
2014-09-22,"35,178"
2014-09-23,"36,460"
2014-09-24,"32,680"
2014-09-25,"35,367"
2014-09-26,"35,474"
2014-09-27,"35,087"
2014-09-28,"37,873"
2014-09-29,"31,701"
2014-09-30,"37,373"
2014-10-01,"32,733"
2014-10-02,"36,992"
2014-10-03,"37,909"
2014-10-04,"18,967"
2014-10-05,"33,082"
2014-10-06,"24,330"
2014-10-07,"31,465"
2014-10-08,"23,573"
2014-10-09,"26,642"
2014-10-10,"32,510"
2014-10-11,"30,498"
2014-10-12,"23,063"
2014-10-13,"13,299"
2014-10-14,"28,518"
2014-10-15,"25,424"
2014-10-16,"31,541"
2014-10-17,"32,770"
2014-10-18,"28,951"
2014-10-19,"30,480"
2014-10-20,"31,642"
2014-10-21,"24,681"
2014-10-22,"30,642"
2014-10-23,"31,277"
2014-10-24,"29,144"
2014-10-25,"30,053"
2014-10-26,"26,514"
2014-10-27,"33,716"
2014-10-28,"35,320"
2014-10-29,"23,281"
2014-10-30,"32,503"
2014-10-31,"36,478"
2014-11-01,"31,912"
2014-11-02,"15,887"
2014-11-03,"22,347"
2014-11-04,"23,525"
2014-11-05,"27,970"
2014-11-06,"28,274"
2014-11-07,"26,779"
2014-11-08,"17,473"
2014-11-09,"24,099"
2014-11-10,"28,303"
2014-11-11,"28,993"
2014-11-12,"24,878"
2014-11-13,"27,839"
2014-11-14,"21,442"
2014-11-15,"22,842"
2014-11-16,"17,849"
2014-11-17,"21,398"
2014-11-18,"26,094"
2014-11-19,"28,807"
2014-11-20,"29,068"
2014-11-21,"24,070"
2014-11-22,"18,347"
2014-11-23,"6,030"
2014-11-24,"25,884"
2014-11-25,"24,359"
2014-11-26,"23,096"
2014-11-27,"26,765"
2014-11-28,"26,782"
2014-11-29,"24,337"
2014-11-30,"19,998"
2014-12-01,"24,983"
2014-12-02,"21,614"
2014-12-03,"25,376"
2014-12-04,"19,993"
2014-12-05,"22,939"
2014-12-06,"17,431"
2014-12-07,"12,789"
2014-12-08,"23,519"
2014-12-09,"23,925"
2014-12-10,"25,028"
2014-12-11,"23,028"
2014-12-12,"20,436"
2014-12-13,"18,255"
2014-12-14,"14,441"
2014-12-15,"22,940"
2014-12-16,"23,087"
2014-12-17,"22,120"
2014-12-18,"23,196"
2014-12-19,"21,966"
2014-12-20,"14,690"
2014-12-21,"11,802"
2014-12-22,"18,552"
2014-12-23,"16,551"
2014-12-24,"10,385"
2014-12-25,"39,145"
2014-12-26,"7,678"
2014-12-27,"6,349"
2014-12-28,"9,293"
2014-12-29,"12,411"
2014-12-30,"13,120"
2014-12-31,"12,811"
2015-01-01,"9,615"
2015-01-02,"15,389"
2015-01-03,"5,779"
2015-01-04,"9,367"
2015-01-05,"20,566"
2015-01-06,"20,765"
2015-01-07,"22,504"
2015-01-08,"15,769"
2015-01-09,"22,285"
2015-01-10,"14,877"
2015-01-11,"14,738"
2015-01-12,"17,354"
2015-01-13,"24,966"
2015-01-14,"23,767"
2015-01-15,"23,123"
2015-01-16,"22,894"
2015-01-17,"15,443"
2015-01-18,"13,373"
2015-01-19,"23,193"
2015-01-20,"23,384"
2015-01-21,"22,987"
2015-01-22,"23,432"
2015-01-23,"22,093"
2015-01-24,"17,748"
2015-01-25,"15,267"
2015-01-26,"22,867"
2015-01-27,"25,222"
2015-01-28,"21,685"
2015-01-29,"21,421"
2015-01-30,"21,405"
2015-01-31,"10,385"
2015-02-01,"11,420"
2015-02-02,"21,770"
2015-02-03,"20,028"
2015-02-04,"22,056"
2015-02-05,"21,396"
2015-02-06,"21,146"
2015-02-07,"13,324"
2015-02-08,"15,983"
2015-02-09,"24,078"
2015-02-10,"24,399"
2015-02-11,"23,870"
2015-02-12,"23,429"
2015-02-13,"17,836"
2015-02-14,"14,644"
2015-02-15,"17,253"
2015-02-16,"16,548"
2015-02-17,"25,288"
2015-02-18,"25,340"
2015-02-19,"17,081"
2015-02-20,"21,014"
2015-02-21,"16,490"
2015-02-22,"9,214"
2015-02-23,"21,857"
2015-02-24,"23,758"
2015-02-25,"21,708"
2015-02-26,"20,131"
2015-02-27,"24,540"
2015-02-28,"13,677"
2015-03-01,"15,817"
2015-03-02,"22,379"
2015-03-03,"24,001"
2015-03-04,"24,544"
2015-03-05,"24,959"
2015-03-06,"25,527"
2015-03-07,"27,754"
2015-03-08,"20,207"
2015-03-09,"24,230"
2015-03-10,"27,878"
2015-03-11,"27,610"
2015-03-12,"28,324"
2015-03-13,"25,840"
2015-03-14,"18,270"
2015-03-15,"10,744"
2015-03-16,"19,950"
2015-03-17,"25,956"
2015-03-18,"26,618"
2015-03-19,"24,241"
2015-03-20,"25,424"
2015-03-21,"16,304"
2015-03-22,"18,782"
2015-03-23,"25,741"
2015-03-24,"24,161"
2015-03-25,"25,779"
2015-03-26,"20,415"
2015-03-27,"26,567"
2015-03-28,"19,242"
2015-03-29,"8,987"
2015-03-30,"22,235"
2015-03-31,"22,898"
2015-04-01,"23,677"
2015-04-02,"22,818"
2015-04-03,"11,503"
2015-04-04,"13,828"
2015-04-05,"19,685"
2015-04-06,"25,724"
2015-04-07,"29,525"
2015-04-08,"30,882"
2015-04-09,"31,671"
2015-04-10,"32,299"
2015-04-11,"25,415"
2015-04-12,"29,457"
2015-04-13,"28,203"
2015-04-14,"34,830"
2015-04-15,"37,709"
2015-04-16,"30,656"
2015-04-17,"30,001"
2015-04-18,"29,846"
2015-04-19,"19,906"
2015-04-20,"32,163"
2015-04-21,"35,103"
2015-04-22,"32,559"
2015-04-23,"32,935"
2015-04-24,"32,332"
2015-04-25,"25,441"
2015-04-26,"19,565"
2015-04-27,"30,735"
2015-04-28,"32,024"
2015-04-29,"26,197"
2015-04-30,"31,854"
2015-05-01,"29,822"
2015-05-02,"22,474"
2015-05-03,"21,375"
2015-05-04,"26,933"
2015-05-05,"26,633"
2015-05-06,"24,556"
2015-05-07,"31,283"
2015-05-08,"27,029"
2015-05-09,"27,995"
2015-05-10,"32,399"
2015-05-11,"33,872"
2015-05-12,"33,930"
2015-05-13,"36,877"
2015-05-14,"15,657"
2015-05-15,"32,522"
2015-05-16,"32,720"
2015-05-17,"31,506"
2015-05-18,"24,385"
2015-05-19,"28,408"
2015-05-20,"30,650"
2015-05-21,"34,922"
2015-05-22,"33,624"
2015-05-23,"23,989"
2015-05-24,"30,267"
2015-05-25,"29,607"
2015-05-26,"34,880"
2015-05-27,"36,496"
2015-05-28,"34,496"
2015-05-29,"26,155"
2015-05-30,"29,432"
2015-05-31,"15,075"
2015-06-01,"27,893"
2015-06-02,"28,070"
2015-06-03,"35,630"
2015-06-04,"39,687"
2015-06-05,"35,048"
2015-06-06,"33,088"
2015-06-07,"35,757"
2015-06-08,"32,745"
2015-06-09,"33,447"
2015-06-10,"35,862"
2015-06-11,"38,969"
2015-06-12,"35,367"
2015-06-13,"30,566"
2015-06-14,"25,402"
2015-06-15,"34,723"
2015-06-16,"38,166"
2015-06-17,"38,799"
2015-06-18,"38,875"
2015-06-19,"36,220"
2015-06-20,"26,546"
2015-06-21,"30,621"
2015-06-22,"29,711"
2015-06-23,"37,663"
2015-06-24,"39,183"
2015-06-25,"38,856"
2015-06-26,"37,281"
2015-06-27,"36,885"
2015-06-28,"25,846"
2015-06-29,"39,280"
2015-06-30,"43,582"
2015-07-01,"42,891"
2015-07-02,"38,467"
2015-07-03,"39,940"
2015-07-04,"38,640"
2015-07-05,"29,963"
2015-07-06,"38,895"
2015-07-07,"38,120"
2015-07-08,"41,921"
2015-07-09,"73,094"
2015-07-10,"43,266"
2015-07-11,"42,676"
2015-07-12,"23,498"
2015-07-13,"27,646"
2015-07-14,"35,600"
2015-07-15,"34,878"
2015-07-16,"39,609"
2015-07-17,"38,845"
2015-07-18,"38,906"
2015-07-19,"36,989"
2015-07-20,"32,140"
2015-07-21,"41,001"
2015-07-22,"38,133"
2015-07-23,"39,368"
2015-07-24,"16,135"
2015-07-25,"32,982"
2015-07-26,"12,497"
2015-07-27,"32,103"
2015-07-28,"36,310"
2015-07-29,"37,021"
2015-07-30,"36,350"
2015-07-31,"36,932"
2015-08-01,"43,492"
2015-08-02,"43,679"
2015-08-03,"35,609"
2015-08-04,"37,864"
2015-08-05,"39,010"
2015-08-06,"63,963"
2015-08-07,"39,788"
2015-08-08,"39,362"
2015-08-09,"40,758"
2015-08-10,"35,625"
2015-08-11,"34,567"
2015-08-12,"36,838"
2015-08-13,"26,185"
2015-08-14,"25,638"
2015-08-15,"34,137"
2015-08-16,"30,948"
2015-08-17,"36,003"
2015-08-18,"34,776"
2015-08-19,"31,903"
2015-08-20,"32,857"
2015-08-21,"36,329"
2015-08-22,"44,724"
2015-08-23,"27,202"
2015-08-24,"17,520"
2015-08-25,"28,401"
2015-08-26,"23,969"
2015-08-27,"30,856"
2015-08-28,"33,201"
2015-08-29,"22,828"
2015-08-30,"25,191"
2015-08-31,"9,709"
2015-09-01,"25,739"
2015-09-02,"30,313"
2015-09-03,"31,163"
2015-09-04,"29,913"
2015-09-05,"22,475"
2015-09-06,"29,539"
2015-09-07,"31,917"
2015-09-08,"32,968"
2015-09-09,"33,332"
2015-09-10,"35,956"
2015-09-11,"34,690"
2015-09-12,"29,143"
2015-09-13,"26,342"
2015-09-14,"25,923"
2015-09-15,"28,311"
2015-09-16,"18,764"
2015-09-17,"32,336"
2015-09-18,"30,124"
2015-09-19,"33,855"
2015-09-20,"31,380"
2015-09-21,"23,831"
2015-09-22,"20,567"
2015-09-23,"34,193"
2015-09-24,"29,537"
2015-09-25,"35,064"
2015-09-26,"32,955"
2015-09-27,"30,024"
2015-09-28,"33,341"
2015-09-29,"34,591"
2015-09-30,"35,143"
2015-10-01,"34,845"
2015-10-02,"35,782"
2015-10-03,"29,224"
2015-10-04,"30,096"
2015-10-05,"20,833"
2015-10-06,"25,972"
2015-10-07,"28,817"
2015-10-08,"33,877"
2015-10-09,"34,392"
2015-10-10,"29,683"
2015-10-11,"27,984"
2015-10-12,"31,469"
2015-10-13,"31,753"
2015-10-14,"30,815"
2015-10-15,"31,062"
2015-10-16,"30,295"
2015-10-17,"24,555"
2015-10-18,"23,282"
2015-10-19,"30,127"
2015-10-20,"32,949"
2015-10-21,"19,085"
2015-10-22,"30,539"
2015-10-23,"30,515"
2015-10-24,"17,058"
2015-10-25,"23,591"
2015-10-26,"30,606"
2015-10-27,"32,635"
2015-10-28,"24,040"
2015-10-29,"27,534"
2015-10-30,"24,195"
2015-10-31,"27,765"
2015-11-01,"23,085"
2015-11-02,"28,256"
2015-11-03,"30,911"
2015-11-04,"23,675"
2015-11-05,"24,685"
2015-11-06,"25,677"
2015-11-07,"15,031"
2015-11-08,"18,943"
2015-11-09,"28,623"
2015-11-10,"29,429"
2015-11-11,"30,049"
2015-11-12,"29,108"
2015-11-13,"25,410"
2015-11-14,"8,983"
2015-11-15,"17,711"
2015-11-16,"26,676"
2015-11-17,"23,773"
2015-11-18,"26,636"
2015-11-19,"23,852"
2015-11-20,"25,993"
2015-11-21,"12,847"
2015-11-22,"13,205"
2015-11-23,"24,070"
2015-11-24,"21,348"
2015-11-25,"26,187"
2015-11-26,"26,826"
2015-11-27,"23,667"
2015-11-28,"16,523"
2015-11-29,"11,453"
2015-11-30,"21,886"
2015-12-01,"26,714"
2015-12-02,"27,975"
2015-12-03,"26,038"
2015-12-04,"26,130"
2015-12-05,"16,667"
2015-12-06,"15,627"
2015-12-07,"25,897"
2015-12-08,"23,565"
2015-12-09,"27,739"
2015-12-10,"23,251"
2015-12-11,"23,439"
2015-12-12,"16,815"
2015-12-13,"12,364"
2015-12-14,"23,972"
2015-12-15,"20,310"
2015-12-16,"25,740"
2015-12-17,"25,977"
2015-12-18,"25,886"
2015-12-19,"18,883"
2015-12-20,"13,118"
2015-12-21,"18,239"
2015-12-22,"17,571"
2015-12-23,"18,568"
2015-12-24,"8,968"
2015-12-25,"22,871"
2015-12-26,"10,362"
2015-12-27,"9,507"
2015-12-28,"13,851"
2015-12-29,"15,717"
2015-12-30,"12,379"
2015-12-31,"14,024"
2016-01-01,"9,922"
2016-01-02,"7,246"
2016-01-03,"4,894"
2016-01-04,"20,644"
2016-01-05,"22,934"
2016-01-06,"23,199"
2016-01-07,"18,225"
2016-01-08,"20,948"
2016-01-09,"11,674"
2016-01-10,"14,447"
2016-01-11,"21,188"
2016-01-12,"22,924"
2016-01-13,"24,726"
2016-01-14,"22,266"
2016-01-15,"22,594"
2016-01-16,"16,258"
2016-01-17,"11,826"
2016-01-18,"22,905"
2016-01-19,"23,919"
2016-01-20,"23,919"
2016-01-21,"23,490"
2016-01-22,"18,431"
2016-01-23,"17,424"
2016-01-24,"16,474"
2016-01-25,"25,886"
2016-01-26,"20,329"
2016-01-27,"21,816"
2016-01-28,"25,490"
2016-01-29,"22,701"
2016-01-30,"16,528"
2016-01-31,"11,098"
2016-02-01,"23,742"
2016-02-02,"24,643"
2016-02-03,"24,601"
2016-02-04,"25,344"
2016-02-05,"22,806"
2016-02-06,"13,255"
2016-02-07,"14,219"
2016-02-08,"19,924"
2016-02-09,"23,460"
2016-02-10,"23,769"
2016-02-11,"25,393"
2016-02-12,"22,995"
2016-02-13,"9,948"
2016-02-14,"13,782"
2016-02-15,"21,918"
2016-02-16,"24,537"
2016-02-17,"19,168"
2016-02-18,"23,696"
2016-02-19,"22,300"
2016-02-20,"11,224"
2016-02-21,"14,745"
2016-02-22,"20,538"
2016-02-23,"25,832"
2016-02-24,"25,634"
2016-02-25,"24,296"
2016-02-26,"23,714"
2016-02-27,"14,871"
2016-02-28,"13,549"
2016-02-29,"23,738"
2016-03-01,"20,876"
2016-03-02,"20,775"
2016-03-03,"24,559"
2016-03-04,"24,179"
2016-03-05,"12,340"
2016-03-06,"12,591"
2016-03-07,"22,785"
2016-03-08,"23,308"
2016-03-09,"19,280"
2016-03-10,"23,648"
2016-03-11,"21,026"
2016-03-12,"21,834"
2016-03-13,"21,938"
2016-03-14,"25,597"
2016-03-15,"25,379"
2016-03-16,"25,489"
2016-03-17,"27,198"
2016-03-18,"23,210"
2016-03-19,"18,060"
2016-03-20,"17,163"
2016-03-21,"25,990"
2016-03-22,"29,312"
2016-03-23,"27,052"
2016-03-24,"19,477"
2016-03-25,"25,612"
2016-03-26,"11,211"
2016-03-27,"10,149"
2016-03-28,"10,316"
2016-03-29,"18,945"
2016-03-30,"26,700"
2016-03-31,"28,486"
2016-04-01,"27,310"
2016-04-02,"24,416"
2016-04-03,"21,068"
2016-04-04,"25,182"
2016-04-05,"30,155"
2016-04-06,"24,132"
2016-04-07,"22,338"
2016-04-08,"27,357"
2016-04-09,"19,858"
2016-04-10,"23,389"
2016-04-11,"24,162"
2016-04-12,"30,801"
2016-04-13,"30,285"
2016-04-14,"30,566"
2016-04-15,"15,919"
2016-04-16,"17,801"
2016-04-17,"18,274"
2016-04-18,"28,512"
2016-04-19,"33,719"
2016-04-20,"34,577"
2016-04-21,"31,937"
2016-04-22,"20,532"
2016-04-23,"22,060"
2016-04-24,"18,873"
2016-04-25,"24,389"
2016-04-26,"27,862"
2016-04-27,"28,431"
2016-04-28,"28,901"
2016-04-29,"25,658"
2016-04-30,"24,844"
2016-05-01,"29,664"
2016-05-02,"19,598"
2016-05-03,"32,037"
2016-05-04,"36,514"
2016-05-05,"39,104"
2016-05-06,"40,117"
2016-05-07,"44,532"
2016-05-08,"45,301"
2016-05-09,"30,821"
2016-05-10,"21,673"
2016-05-11,"27,922"
2016-05-12,"38,525"
2016-05-13,"35,109"
2016-05-14,"30,442"
2016-05-15,"34,725"
2016-05-16,"37,441"
2016-05-17,"36,810"
2016-05-18,"24,335"
2016-05-19,"34,655"
2016-05-20,"36,101"
2016-05-21,"26,785"
2016-05-22,"31,115"
2016-05-23,"35,451"
2016-05-24,"36,580"
2016-05-25,"31,919"
2016-05-26,"37,442"
2016-05-27,"36,133"
2016-05-28,"31,301"
2016-05-29,"31,246"
2016-05-30,"24,041"
2016-05-31,"16,227"
2016-06-01,"27,156"
2016-06-02,"29,162"
2016-06-03,"29,580"
2016-06-04,"30,140"
2016-06-05,"40,836"
2016-06-06,"39,528"
2016-06-07,"35,137"
2016-06-08,"34,588"
2016-06-09,"41,546"
2016-06-10,"40,139"
2016-06-11,"29,018"
2016-06-12,"18,109"
2016-06-13,"27,571"
2016-06-14,"30,218"
2016-06-15,"37,704"
2016-06-16,"31,406"
2016-06-17,"32,018"
2016-06-18,"29,692"
2016-06-19,"31,372"
2016-06-20,"22,309"
2016-06-21,"39,003"
2016-06-22,"36,628"
2016-06-23,"25,129"
2016-06-24,"36,530"
2016-06-25,"26,357"
2016-06-26,"29,597"
2016-06-27,"33,695"
2016-06-28,"31,701"
2016-06-29,"31,496"
2016-06-30,"35,867"
2016-07-01,"28,108"
2016-07-02,"30,802"
2016-07-03,"34,195"
2016-07-04,"37,628"
2016-07-05,"40,955"
2016-07-06,"42,871"
2016-07-07,"39,670"
2016-07-08,"37,311"
2016-07-09,"34,525"
2016-07-10,"29,556"
2016-07-11,"32,781"
2016-07-12,"30,186"
2016-07-13,"36,128"
2016-07-14,"40,364"
2016-07-15,"37,045"
2016-07-16,"38,916"
2016-07-17,"38,340"
2016-07-18,"43,497"
2016-07-19,"46,625"
2016-07-20,"45,156"
2016-07-21,"41,731"
2016-07-22,"36,401"
2016-07-23,"42,121"
2016-07-24,"39,070"
2016-07-25,"40,999"
2016-07-26,"42,528"
2016-07-27,"33,646"
2016-07-28,"39,009"
2016-07-29,"35,737"
2016-07-30,"46,251"
2016-07-31,"46,276"
2016-08-01,"30,074"
2016-08-02,"28,949"
2016-08-03,"40,683"
2016-08-04,"39,488"
2016-08-05,"40,570"
2016-08-06,"42,579"
2016-08-07,"38,620"
2016-08-08,"38,117"
2016-08-09,"40,052"
2016-08-10,"38,917"
2016-08-11,"38,034"
2016-08-12,"40,645"
2016-08-13,"43,792"
2016-08-14,"44,648"
2016-08-15,"41,764"
2016-08-16,"40,899"
2016-08-17,"42,879"
2016-08-18,"39,379"
2016-08-19,"25,862"
2016-08-20,"24,712"
2016-08-21,"28,625"
2016-08-22,"36,064"
2016-08-23,"42,558"
2016-08-24,"41,088"
2016-08-25,"38,191"
2016-08-26,"38,222"
2016-08-27,"32,656"
2016-08-28,"26,325"
2016-08-29,"34,665"
2016-08-30,"39,992"
2016-08-31,"39,344"
2016-09-01,"40,302"
2016-09-02,"34,661"
2016-09-03,"23,805"
2016-09-04,"27,901"
2016-09-05,"28,210"
2016-09-06,"37,982"
2016-09-07,"40,232"
2016-09-08,"41,004"
2016-09-09,"36,554"
2016-09-10,"17,308"
2016-09-11,"39,906"
2016-09-12,"39,687"
2016-09-13,"44,035"
2016-09-14,"44,909"
2016-09-15,"42,598"
2016-09-16,"22,204"
2016-09-17,"27,548"
2016-09-18,"29,830"
2016-09-19,"33,401"
2016-09-20,"37,658"
2016-09-21,"40,646"
2016-09-22,"38,411"
2016-09-23,"38,963"
2016-09-24,"36,243"
2016-09-25,"30,015"
2016-09-26,"35,059"
2016-09-27,"36,094"
2016-09-28,"38,893"
2016-09-29,"34,840"
2016-09-30,"34,140"
2016-10-01,"17,832"
2016-10-02,"27,335"
2016-10-03,"35,892"
2016-10-04,"37,162"
2016-10-05,"36,314"
2016-10-06,"35,332"
2016-10-07,"33,361"
2016-10-08,"27,236"
2016-10-09,"25,390"
2016-10-10,"33,045"
2016-10-11,"35,254"
2016-10-12,"32,552"
2016-10-13,"30,762"
2016-10-14,"32,637"
2016-10-15,"23,773"
2016-10-16,"18,685"
2016-10-17,"29,007"
2016-10-18,"33,062"
2016-10-19,"33,953"
2016-10-20,"32,624"
2016-10-21,"30,838"
2016-10-22,"26,322"
2016-10-23,"23,812"
2016-10-24,"30,329"
2016-10-25,"33,313"
2016-10-26,"34,322"
2016-10-27,"34,203"
2016-10-28,"33,769"
2016-10-29,"28,114"
2016-10-30,"24,166"
2016-10-31,"34,747"
2016-11-01,"32,334"
2016-11-02,"32,316"
2016-11-03,"31,111"
2016-11-04,"22,143"
2016-11-05,"19,649"
2016-11-06,"13,576"
2016-11-07,"17,329"
2016-11-08,"26,382"
2016-11-09,"18,878"
2016-11-10,"26,075"
2016-11-11,"28,088"
2016-11-12,"9,709"
2016-11-13,"19,258"
2016-11-14,"24,824"
2016-11-15,"28,810"
2016-11-16,"27,646"
2016-11-17,"27,692"
2016-11-18,"26,884"
2016-11-19,"18,288"
2016-11-20,"10,704"
2016-11-21,"19,374"
2016-11-22,"27,723"
2016-11-23,"29,047"
2016-11-24,"28,091"
2016-11-25,"27,692"
2016-11-26,"19,805"
2016-11-27,"15,628"
2016-11-28,"26,980"
2016-11-29,"27,847"
2016-11-30,"27,119"
2016-12-01,"26,431"
2016-12-02,"26,223"
2016-12-03,"18,120"
2016-12-04,"15,448"
2016-12-05,"26,456"
2016-12-06,"28,347"
2016-12-07,"29,735"
2016-12-08,"28,632"
2016-12-09,"30,076"
2016-12-10,"15,054"
2016-12-11,"17,713"
2016-12-12,"25,476"
2016-12-13,"26,747"
2016-12-14,"29,130"
2016-12-15,"28,449"
2016-12-16,"27,926"
2016-12-17,"17,473"
2016-12-18,"15,152"
2016-12-19,"23,736"
2016-12-20,"25,106"
2016-12-21,"23,329"
2016-12-22,"21,659"
2016-12-23,"14,534"
2016-12-24,"7,978"
2016-12-25,"37,401"
2016-12-26,"11,637"
2016-12-27,"11,003"
2016-12-28,"12,530"
2016-12-29,"14,206"
2016-12-30,"11,684"
2016-12-31,"11,584"
2017-01-01,"6,534"
2017-01-02,"11,954"
2017-01-03,"19,622"
2017-01-04,"22,122"
2017-01-05,"23,580"
2017-01-06,"18,973"
2017-01-07,"13,879"
2017-01-08,"13,506"
2017-01-09,"38,042"
2017-01-10,"28,106"
2017-01-11,"28,270"
2017-01-12,"17,109"
2017-01-13,"20,963"
2017-01-14,"13,766"
2017-01-15,"6,752"
2017-01-16,"19,230"
2017-01-17,"27,281"
2017-01-18,"27,194"
2017-01-19,"26,826"
2017-01-20,"25,125"
2017-01-21,"17,552"
2017-01-22,"15,628"
2017-01-23,"23,280"
2017-01-24,"26,611"
2017-01-25,"25,175"
2017-01-26,"23,831"
2017-01-27,"23,387"
2017-01-28,"17,523"
2017-01-29,"9,078"
2017-01-30,"24,969"
2017-01-31,"22,623"
2017-02-01,"23,181"
2017-02-02,"25,601"
2017-02-03,"23,231"
2017-02-04,"17,324"
2017-02-05,"14,570"
2017-02-06,"24,312"
2017-02-07,"27,156"
2017-02-08,"25,770"
2017-02-09,"22,900"
2017-02-10,"18,673"
2017-02-11,"9,394"
2017-02-12,"10,272"
2017-02-13,"24,159"
2017-02-14,"26,649"
2017-02-15,"24,330"
2017-02-16,"26,649"
2017-02-17,"25,883"
2017-02-18,"21,292"
2017-02-19,"19,169"
2017-02-20,"28,665"
2017-02-21,"28,929"
2017-02-22,"27,290"
2017-02-23,"22,520"
2017-02-24,"26,832"
2017-02-25,"14,132"
2017-02-26,"14,911"
2017-02-27,"20,001"
2017-02-28,"24,755"
2017-03-01,"24,746"
2017-03-02,"26,938"
2017-03-03,"22,914"
2017-03-04,"21,546"
2017-03-05,"10,593"
2017-03-06,"26,917"
2017-03-07,"29,174"
2017-03-08,"24,440"
2017-03-09,"31,113"
2017-03-10,"28,126"
2017-03-11,"30,560"
2017-03-12,"15,850"
2017-03-13,"32,177"
2017-03-14,"30,857"
2017-03-15,"34,548"
2017-03-16,"31,876"
2017-03-17,"26,481"
2017-03-18,"7,771"
2017-03-19,"19,335"
2017-03-20,"24,145"
2017-03-21,"30,182"
2017-03-22,"23,725"
2017-03-23,"27,639"
2017-03-24,"27,578"
2017-03-25,"28,374"
2017-03-26,"24,090"
2017-03-27,"30,887"
2017-03-28,"32,314"
2017-03-29,"29,907"
2017-03-30,"34,219"
2017-03-31,"30,730"
2017-04-01,"28,237"
2017-04-02,"31,064"
2017-04-03,"34,287"
2017-04-04,"30,887"
2017-04-05,"33,985"
2017-04-06,"36,003"
2017-04-07,"35,434"
2017-04-08,"38,878"
2017-04-09,"42,854"
2017-04-10,"31,158"
2017-04-11,"35,436"
2017-04-12,"32,570"
2017-04-13,"30,343"
2017-04-14,"22,357"
2017-04-15,"24,627"
2017-04-16,"23,090"
2017-04-17,"20,130"
2017-04-18,"29,490"
2017-04-19,"32,500"
2017-04-20,"33,546"
2017-04-21,"31,510"
2017-04-22,"28,323"
2017-04-23,"28,736"
2017-04-24,"28,500"
2017-04-25,"32,383"
2017-04-26,"28,360"
2017-04-27,"26,727"
2017-04-28,"30,390"
2017-04-29,"28,450"
2017-04-30,"27,461"
2017-05-01,"18,493"
2017-05-02,"32,945"
2017-05-03,"27,191"
2017-05-04,"31,200"
2017-05-05,"31,355"
2017-05-06,"29,020"
2017-05-07,"28,491"
2017-05-08,"30,426"
2017-05-09,"33,211"
2017-05-10,"36,305"
2017-05-11,"33,911"
2017-05-12,"32,618"
2017-05-13,"29,539"
2017-05-14,"30,145"
2017-05-15,"25,882"
2017-05-16,"35,964"
2017-05-17,"18,926"
2017-05-18,"23,268"
2017-05-19,"28,730"
2017-05-20,"26,825"
2017-05-21,"33,728"
2017-05-22,"40,021"
2017-05-23,"39,259"
2017-05-24,"41,644"
2017-05-25,"43,528"
2017-05-26,"43,701"
2017-05-27,"35,354"
2017-05-28,"27,909"
2017-05-29,"26,476"
2017-05-30,"37,517"
2017-05-31,"39,019"
2017-06-01,"42,514"
2017-06-02,"34,459"
2017-06-03,"38,635"
2017-06-04,"30,840"
2017-06-05,"30,846"
2017-06-06,"17,387"
2017-06-07,"34,819"
2017-06-08,"32,751"
2017-06-09,"33,705"
2017-06-10,"36,788"
2017-06-11,"32,997"
2017-06-12,"36,114"
2017-06-13,"41,337"
2017-06-14,"44,762"
2017-06-15,"42,249"
2017-06-16,"40,288"
2017-06-17,"41,719"
2017-06-18,"38,577"
2017-06-19,"41,624"
2017-06-20,"43,185"
2017-06-21,"43,885"
2017-06-22,"39,708"
2017-06-23,"40,025"
2017-06-24,"30,271"
2017-06-25,"31,012"
2017-06-26,"42,096"
2017-06-27,"24,206"
2017-06-28,"33,008"
2017-06-29,"38,137"
2017-06-30,"40,350"
2017-07-01,"36,183"
2017-07-02,"42,875"
2017-07-03,"39,970"
2017-07-04,"43,784"
2017-07-05,"46,035"
2017-07-06,"44,386"
2017-07-07,"43,547"
2017-07-08,"40,196"
2017-07-09,"38,912"
2017-07-10,"41,086"
2017-07-11,"25,955"
2017-07-12,"38,377"
2017-07-13,"42,082"
2017-07-14,"38,932"
2017-07-15,"30,690"
2017-07-16,"31,595"
2017-07-17,"41,811"
2017-07-18,"41,804"
2017-07-19,"39,340"
2017-07-20,"37,164"
2017-07-21,"37,967"
2017-07-22,"16,392"
2017-07-23,"26,432"
2017-07-24,"32,515"
2017-07-25,"41,029"
2017-07-26,"33,566"
2017-07-27,"32,588"
2017-07-28,"32,857"
2017-07-29,"23,334"
2017-07-30,"31,893"
2017-07-31,"38,541"
2017-08-01,"39,837"
2017-08-02,"27,123"
2017-08-03,"34,430"
2017-08-04,"34,893"
2017-08-05,"27,715"
2017-08-06,"31,536"
2017-08-07,"32,303"
2017-08-08,"33,854"
2017-08-09,"11,525"
2017-08-10,"35,707"
2017-08-11,"34,462"
2017-08-12,"31,034"
2017-08-13,"34,928"
2017-08-14,"35,979"
2017-08-15,"38,181"
2017-08-16,"37,037"
2017-08-17,"31,947"
2017-08-18,"28,252"
2017-08-19,"29,156"
2017-08-20,"25,270"
2017-08-21,"27,725"
2017-08-22,"33,327"
2017-08-23,"34,439"
2017-08-24,"34,548"
2017-08-25,"35,108"
2017-08-26,"31,442"
2017-08-27,"33,657"
2017-08-28,"34,862"
2017-08-29,"35,427"
2017-08-30,"22,542"
2017-08-31,"35,953"
2017-09-01,"36,194"
2017-09-02,"35,246"
2017-09-03,"21,934"
2017-09-04,"28,710"
2017-09-05,"32,336"
2017-09-06,"36,559"
2017-09-07,"35,614"
2017-09-08,"23,199"
2017-09-09,"28,349"
2017-09-10,"21,298"
2017-09-11,"26,886"
2017-09-12,"32,569"
2017-09-13,"32,583"
2017-09-14,"33,252"
2017-09-15,"31,628"
2017-09-16,"26,166"
2017-09-17,"25,300"
2017-09-18,"30,718"
2017-09-19,"34,917"
2017-09-20,"35,149"
2017-09-21,"31,174"
2017-09-22,"36,125"
2017-09-23,"30,654"
2017-09-24,"32,726"
2017-09-25,"30,066"
2017-09-26,"37,394"
2017-09-27,"34,694"
2017-09-28,"35,526"
2017-09-29,"28,782"
2017-09-30,"29,003"
2017-10-01,"22,814"
2017-10-02,"33,891"
2017-10-03,"37,187"
2017-10-04,"36,798"
2017-10-05,"34,779"
2017-10-06,"35,344"
2017-10-07,"25,505"
2017-10-08,"28,830"
2017-10-09,"34,182"
2017-10-10,"35,961"
2017-10-11,"32,760"
2017-10-12,"36,372"
2017-10-13,"34,229"
2017-10-14,"32,123"
2017-10-15,"32,696"
2017-10-16,"34,787"
2017-10-17,"35,199"
2017-10-18,"27,348"
2017-10-19,"31,069"
2017-10-20,"31,306"
2017-10-21,"22,475"
2017-10-22,"21,013"
2017-10-23,"30,604"
2017-10-24,"33,732"
2017-10-25,"36,064"
2017-10-26,"28,423"
2017-10-27,"34,654"
2017-10-28,"26,633"
2017-10-29,"22,228"
2017-10-30,"31,364"
2017-10-31,"33,312"
2017-11-01,"34,747"
2017-11-02,"34,290"
2017-11-03,"34,716"
2017-11-04,"17,801"
2017-11-05,"21,588"
2017-11-06,"30,663"
2017-11-07,"27,314"
2017-11-08,"29,455"
2017-11-09,"31,374"
2017-11-10,"28,480"
2017-11-11,"16,679"
2017-11-12,"16,460"
2017-11-13,"29,301"
2017-11-14,"29,355"
2017-11-15,"30,564"
2017-11-16,"31,112"
2017-11-17,"29,876"
2017-11-18,"12,976"
2017-11-19,"18,874"
2017-11-20,"25,998"
2017-11-21,"31,316"
2017-11-22,"31,315"
2017-11-23,"30,147"
2017-11-24,"28,930"
2017-11-25,"17,691"
2017-11-26,"15,229"
2017-11-27,"24,324"
2017-11-28,"28,202"
2017-11-29,"27,319"
2017-11-30,"25,986"
2017-12-01,"24,321"
2017-12-02,"16,887"
2017-12-03,"12,773"
2017-12-04,"27,613"
2017-12-05,"29,611"
2017-12-06,"29,058"
2017-12-07,"24,810"
2017-12-08,"24,431"
2017-12-09,"15,509"
2017-12-10,"5,143"
2017-12-11,"13,055"
2017-12-12,"22,780"
2017-12-13,"20,074"
2017-12-14,"24,064"
2017-12-15,"21,107"
2017-12-16,"12,229"
2017-12-17,"7,519"
2017-12-18,"23,414"
2017-12-19,"22,935"
2017-12-20,"21,801"
2017-12-21,"20,945"
2017-12-22,"17,124"
2017-12-23,"9,725"
2017-12-24,"7,498"
2017-12-25,"27,305"
2017-12-26,"7,149"
2017-12-27,"5,426"
2017-12-28,"11,236"
2017-12-29,"8,346"
2017-12-30,"10,908"
2017-12-31,"9,292"
2018-01-01,"10,235"
2018-01-02,"14,394"
2018-01-03,"20,265"
2018-01-04,"17,543"
2018-01-05,"21,759"
2018-01-06,"13,920"
2018-01-07,"12,259"
2018-01-08,"23,374"
2018-01-09,"24,683"
2018-01-10,"26,787"
2018-01-11,"25,222"
2018-01-12,"24,696"
2018-01-13,"17,512"
2018-01-14,"15,070"
2018-01-15,"19,161"
2018-01-16,"26,921"
2018-01-17,"26,934"
2018-01-18,"26,471"
2018-01-19,"25,799"
2018-01-20,"9,398"
2018-01-21,"5,859"
2018-01-22,"26,337"
2018-01-23,"26,003"
2018-01-24,"20,206"
2018-01-25,"28,189"
2018-01-26,"26,430"
2018-01-27,"14,472"
2018-01-28,"17,512"
2018-01-29,"26,371"
2018-01-30,"28,002"
2018-01-31,"24,117"
2018-02-01,"25,525"
2018-02-02,"25,331"
2018-02-03,"8,975"
2018-02-04,"13,833"
2018-02-05,"23,898"
2018-02-06,"25,349"
2018-02-07,"25,388"
2018-02-08,"25,791"
2018-02-09,"21,037"
2018-02-10,"9,956"
2018-02-11,"14,621"
2018-02-12,"24,719"
2018-02-13,"20,931"
2018-02-14,"18,866"
2018-02-15,"25,264"
2018-02-16,"25,411"
2018-02-17,"23,169"
2018-02-18,"18,624"
2018-02-19,"19,879"
2018-02-20,"25,055"
2018-02-21,"26,434"
2018-02-22,"26,179"
2018-02-23,"23,067"
2018-02-24,"16,522"
2018-02-25,"14,037"
2018-02-26,"19,204"
2018-02-27,"18,741"
2018-02-28,"10,619"
2018-03-01,"8,744"
2018-03-02,"8,234"
2018-03-03,"7,924"
2018-03-04,"10,853"
2018-03-05,"24,818"
2018-03-06,"26,301"
2018-03-07,"22,044"
2018-03-08,"25,967"
2018-03-09,"18,912"
2018-03-10,"18,717"
2018-03-11,"16,259"
2018-03-12,"19,996"
2018-03-13,"28,069"
2018-03-14,"28,769"
2018-03-15,"25,318"
2018-03-16,"28,308"
2018-03-17,"8,106"
2018-03-18,"6,624"
2018-03-19,"20,488"
2018-03-20,"24,582"
2018-03-21,"27,719"
2018-03-22,"27,228"
2018-03-23,"26,894"
2018-03-24,"18,804"
2018-03-25,"19,723"
2018-03-26,"29,486"
2018-03-27,"22,603"
2018-03-28,"15,800"
2018-03-29,"20,237"
2018-03-30,"6,362"
2018-03-31,"11,032"
2018-04-01,"13,504"
2018-04-02,"7,998"
2018-04-03,"22,708"
2018-04-04,"23,173"
2018-04-05,"30,508"
2018-04-06,"30,690"
2018-04-07,"25,909"
2018-04-08,"9,759"
2018-04-09,"16,324"
2018-04-10,"26,751"
2018-04-11,"24,883"
2018-04-12,"26,473"
2018-04-13,"27,363"
2018-04-14,"34,235"
2018-04-15,"21,324"
2018-04-16,"30,730"
2018-04-17,"33,025"
2018-04-18,"40,544"
2018-04-19,"43,585"
2018-04-20,"45,048"
2018-04-21,"42,328"
2018-04-22,"38,395"
2018-04-23,"35,940"
2018-04-24,"33,430"
2018-04-25,"33,426"
2018-04-26,"34,995"
2018-04-27,"21,387"
2018-04-28,"17,368"
2018-04-29,"15,822"
2018-04-30,"17,112"
2018-05-01,"34,598"
2018-05-02,"23,727"
2018-05-03,"35,477"
2018-05-04,"36,447"
2018-05-05,"39,070"
2018-05-06,"40,606"
2018-05-07,"45,435"
2018-05-08,"41,579"
2018-05-09,"41,130"
2018-05-10,"38,054"
2018-05-11,"38,386"
2018-05-12,"16,717"
2018-05-13,"29,190"
2018-05-14,"38,095"
2018-05-15,"42,106"
2018-05-16,"34,627"
2018-05-17,"37,549"
2018-05-18,"37,305"
2018-05-19,"36,895"
2018-05-20,"39,964"
2018-05-21,"38,800"
2018-05-22,"41,242"
2018-05-23,"38,229"
2018-05-24,"31,970"
2018-05-25,"35,108"
2018-05-26,"33,573"
2018-05-27,"33,192"
2018-05-28,"36,742"
2018-05-29,"24,312"
2018-05-30,"34,884"
2018-05-31,"37,677"
2018-06-01,"37,293"
2018-06-02,"38,293"
2018-06-03,"39,871"
2018-06-04,"35,255"
2018-06-05,"37,048"
2018-06-06,"41,592"
2018-06-07,"37,841"
2018-06-08,"39,576"
2018-06-09,"36,466"
2018-06-10,"38,562"
2018-06-11,"41,027"
2018-06-12,"38,487"
2018-06-13,"40,569"
2018-06-14,"37,871"
2018-06-15,"39,862"
2018-06-16,"31,329"
2018-06-17,"26,769"
2018-06-18,"39,768"
2018-06-19,"41,862"
2018-06-20,"41,134"
2018-06-21,"41,533"
2018-06-22,"41,765"
2018-06-23,"38,772"
2018-06-24,"38,982"
2018-06-25,"44,565"
2018-06-26,"46,084"
2018-06-27,"44,788"
2018-06-28,"43,075"
2018-06-29,"43,081"
2018-06-30,"38,522"
2018-07-01,"37,334"
2018-07-02,"42,556"
2018-07-03,"44,655"
2018-07-04,"43,511"
2018-07-05,"44,052"
2018-07-06,"43,143"
2018-07-07,"36,308"
2018-07-08,"38,196"
2018-07-09,"41,893"
2018-07-10,"43,535"
2018-07-11,"44,003"
2018-07-12,"41,826"
2018-07-13,"38,879"
2018-07-14,"37,733"
2018-07-15,"37,299"
2018-07-16,"41,828"
2018-07-17,"43,392"
2018-07-18,"43,183"
2018-07-19,"42,857"
2018-07-20,"40,297"
2018-07-21,"38,763"
2018-07-22,"37,683"
2018-07-23,"42,509"
2018-07-24,"44,195"
2018-07-25,"44,870"
2018-07-26,"43,343"
2018-07-27,"34,606"
2018-07-28,"41,145"
2018-07-29,"18,974"
2018-07-30,"38,274"
2018-07-31,"42,260"
2018-08-01,"43,691"
2018-08-02,"43,292"
2018-08-03,"40,908"
2018-08-04,"39,318"
2018-08-05,"40,220"
2018-08-06,"41,963"
2018-08-07,"40,954"
2018-08-08,"42,676"
2018-08-09,"20,574"
2018-08-10,"29,253"
2018-08-11,"33,214"
2018-08-12,"23,113"
2018-08-13,"36,510"
2018-08-14,"40,735"
2018-08-15,"40,930"
2018-08-16,"28,400"
2018-08-17,"36,869"
2018-08-18,"31,691"
2018-08-19,"32,209"
2018-08-20,"37,839"
2018-08-21,"40,293"
2018-08-22,"38,401"
2018-08-23,"34,492"
2018-08-24,"27,839"
2018-08-25,"25,490"
2018-08-26,"8,177"
2018-08-27,"25,059"
2018-08-28,"34,791"
2018-08-29,"27,070"
2018-08-30,"37,001"
2018-08-31,"35,209"
2018-09-01,"35,326"
2018-09-02,"35,048"
2018-09-03,"36,068"
2018-09-04,"36,581"
2018-09-05,"36,059"
2018-09-06,"34,778"
2018-09-07,"35,451"
2018-09-08,"28,318"
2018-09-09,"30,598"
2018-09-10,"36,965"
2018-09-11,"37,221"
2018-09-12,"33,403"
2018-09-13,"38,708"
2018-09-14,"35,332"
2018-09-15,"33,465"
2018-09-16,"32,055"
2018-09-17,"39,190"
2018-09-18,"38,360"
2018-09-19,"37,027"
2018-09-20,"35,317"
2018-09-21,"32,942"
2018-09-22,"12,376"
2018-09-23,"13,192"
2018-09-24,"34,563"
2018-09-25,"36,730"
2018-09-26,"39,281"
2018-09-27,"39,835"
2018-09-28,"35,817"
2018-09-29,"32,941"
2018-09-30,"25,254"
2018-10-01,"34,411"
2018-10-02,"37,515"
2018-10-03,"38,434"
2018-10-04,"36,930"
2018-10-05,"39,569"
2018-10-06,"10,043"
2018-10-07,"25,713"
2018-10-08,"35,156"
2018-10-09,"39,132"
2018-10-10,"39,398"
2018-10-11,"35,875"
2018-10-12,"35,747"
2018-10-13,"36,393"
2018-10-14,"10,292"
2018-10-15,"28,044"
2018-10-16,"37,920"
2018-10-17,"30,482"
2018-10-18,"35,206"
2018-10-19,"34,707"
2018-10-20,"32,588"
2018-10-21,"32,484"
2018-10-22,"34,430"
2018-10-23,"34,889"
2018-10-24,"35,656"
2018-10-25,"34,640"
2018-10-26,"27,636"
2018-10-27,"18,756"
2018-10-28,"13,675"
2018-10-29,"29,409"
2018-10-30,"30,269"
2018-10-31,"32,891"
2018-11-01,"23,475"
2018-11-02,"31,083"
2018-11-03,"25,142"
2018-11-04,"21,829"
2018-11-05,"31,421"
2018-11-06,"33,038"
2018-11-07,"27,656"
2018-11-08,"32,933"
2018-11-09,"27,403"
2018-11-10,"14,732"
2018-11-11,"18,455"
2018-11-12,"26,077"
2018-11-13,"32,062"
2018-11-14,"33,339"
2018-11-15,"33,043"
2018-11-16,"28,581"
2018-11-17,"20,518"
2018-11-18,"9,585"
2018-11-19,"18,246"
2018-11-20,"15,237"
2018-11-21,"25,022"
2018-11-22,"26,112"
2018-11-23,"25,881"
2018-11-24,"15,813"
2018-11-25,"14,529"
2018-11-26,"27,509"
2018-11-27,"22,128"
2018-11-28,"22,846"
2018-11-29,"25,714"
2018-11-30,"28,615"
2018-12-01,"14,046"
2018-12-02,"15,990"
2018-12-03,"25,801"
2018-12-04,"28,982"
2018-12-05,"23,816"
2018-12-06,"16,600"
2018-12-07,"18,608"
2018-12-08,"16,515"
2018-12-09,"15,441"
2018-12-10,"27,880"
2018-12-11,"28,904"
2018-12-12,"27,494"
2018-12-13,"25,997"
2018-12-14,"24,076"
2018-12-15,"8,076"
2018-12-16,"12,123"
2018-12-17,"24,973"
2018-12-18,"20,180"
2018-12-19,"22,425"
2018-12-20,"23,694"
2018-12-21,"19,169"
2018-12-22,"13,310"
2018-12-23,"6,748"
2018-12-24,"10,043"
2018-12-25,"35,267"
2018-12-26,"10,841"
2018-12-27,"12,310"
2018-12-28,"13,794"
2018-12-29,"13,100"
2018-12-30,"12,922"
2018-12-31,"16,305"
2019-01-01,"14,148"
2019-01-02,"19,746"
2019-01-03,"21,552"
2019-01-04,"20,863"
2019-01-05,"13,907"
2019-01-06,"14,262"
2019-01-07,"25,668"
2019-01-08,"27,757"
2019-01-09,"26,568"
2019-01-10,"26,022"
2019-01-11,"26,378"
2019-01-12,"16,750"
2019-01-13,"16,304"
2019-01-14,"28,097"
2019-01-15,"29,413"
2019-01-16,"24,500"
2019-01-17,"26,053"
2019-01-18,"25,525"
2019-01-19,"16,653"
2019-01-20,"16,803"
2019-01-21,"26,567"
2019-01-22,"23,083"
2019-01-23,"25,406"
2019-01-24,"24,357"
2019-01-25,"24,198"
2019-01-26,"15,062"
2019-01-27,"10,596"
2019-01-28,"25,859"
2019-01-29,"24,732"
2019-01-30,"25,482"
2019-01-31,"23,487"
2019-02-01,"12,841"
2019-02-02,"14,136"
2019-02-03,"14,637"
2019-02-04,"18,254"
2019-02-05,"25,682"
2019-02-06,"26,197"
2019-02-07,"26,703"
2019-02-08,"17,468"
2019-02-09,"17,439"
2019-02-10,"10,800"
2019-02-11,"27,439"
2019-02-12,"28,786"
2019-02-13,"29,145"
2019-02-14,"29,270"
2019-02-15,"28,838"
2019-02-16,"20,560"
2019-02-17,"24,383"
2019-02-18,"23,815"
2019-02-19,"28,927"
2019-02-20,"28,971"
2019-02-21,"30,474"
2019-02-22,"29,703"
2019-02-23,"29,242"
2019-02-24,"26,092"
2019-02-25,"31,480"
2019-02-26,"34,996"
2019-02-27,"35,420"
2019-02-28,"27,219"
2019-03-01,"28,255"
2019-03-02,"22,795"
2019-03-03,"9,641"
2019-03-04,"26,532"
2019-03-05,"29,701"
2019-03-06,"25,449"
2019-03-07,"24,884"
2019-03-08,"23,635"
2019-03-09,"19,951"
2019-03-10,"12,111"
2019-03-11,"27,725"
2019-03-12,"21,718"
2019-03-13,"26,816"
2019-03-14,"23,699"
2019-03-15,"26,123"
2019-03-16,"14,594"
2019-03-17,"14,390"
2019-03-18,"27,824"
2019-03-19,"27,683"
2019-03-20,"30,485"
2019-03-21,"31,307"
2019-03-22,"28,229"
2019-03-23,"25,897"
2019-03-24,"27,408"
2019-03-25,"31,215"
2019-03-26,"31,955"
2019-03-27,"31,263"
2019-03-28,"32,315"
2019-03-29,"35,321"
2019-03-30,"33,026"
2019-03-31,"20,325"
2019-04-01,"31,834"
2019-04-02,"24,529"
2019-04-03,"27,059"
2019-04-04,"25,493"
2019-04-05,"27,536"
2019-04-06,"20,423"
2019-04-07,"16,897"
2019-04-08,"26,527"
2019-04-09,"25,534"
2019-04-10,"31,699"
2019-04-11,"30,961"
2019-04-12,"27,403"
2019-04-13,"19,856"
2019-04-14,"20,896"
2019-04-15,"30,837"
2019-04-16,"31,842"
2019-04-17,"37,203"
2019-04-18,"36,574"
2019-04-19,"36,505"
2019-04-20,"38,712"
2019-04-21,"36,686"
2019-04-22,"35,435"
2019-04-23,"34,948"
2019-04-24,"34,593"
2019-04-25,"34,494"
2019-04-26,"32,006"
2019-04-27,"18,379"
2019-04-28,"22,631"
2019-04-29,"33,748"
2019-04-30,"38,908"
2019-05-01,"37,952"
2019-05-02,"32,563"
2019-05-03,"28,182"
2019-05-04,"19,806"
2019-05-05,"22,896"
2019-05-06,"22,472"
2019-05-07,"34,646"
2019-05-08,"20,276"
2019-05-09,"28,404"
2019-05-10,"34,078"
2019-05-11,"25,475"
2019-05-12,"31,836"
2019-05-13,"37,537"
2019-05-14,"39,647"
2019-05-15,"39,054"
2019-05-16,"38,408"
2019-05-17,"29,846"
2019-05-18,"28,138"
2019-05-19,"26,727"
2019-05-20,"36,072"
2019-05-21,"41,251"
2019-05-22,"40,312"
2019-05-23,"41,314"
2019-05-24,"37,280"
2019-05-25,"33,151"
2019-05-26,"26,802"
2019-05-27,"28,309"
2019-05-28,"34,443"
2019-05-29,"31,203"
2019-05-30,"39,450"
2019-05-31,"39,017"
2019-06-01,"40,800"
2019-06-02,"33,865"
2019-06-03,"37,306"
2019-06-04,"31,948"
2019-06-05,"38,033"
2019-06-06,"38,141"
2019-06-07,"25,122"
2019-06-08,"26,656"
2019-06-09,"29,311"
2019-06-10,"13,358"
2019-06-11,"34,285"
2019-06-12,"25,449"
2019-06-13,"26,617"
2019-06-14,"33,837"
2019-06-15,"28,235"
2019-06-16,"26,102"
2019-06-17,"38,894"
2019-06-18,"29,854"
2019-06-19,"33,190"
2019-06-20,"38,345"
2019-06-21,"38,656"
2019-06-22,"36,858"
2019-06-23,"30,851"
2019-06-24,"38,617"
2019-06-25,"38,200"
2019-06-26,"39,620"
2019-06-27,"41,692"
2019-06-28,"39,986"
2019-06-29,"38,616"
2019-06-30,"33,990"
2019-07-01,"39,257"
2019-07-02,"42,658"
2019-07-03,"43,924"
2019-07-04,"44,668"
2019-07-05,"42,466"
2019-07-06,"34,018"
2019-07-07,"29,889"
2019-07-08,"39,670"
2019-07-09,"41,447"
2019-07-10,"42,343"
2019-07-11,"41,916"
2019-07-12,"41,305"
2019-07-13,"36,204"
2019-07-14,"27,858"
2019-07-15,"39,489"
2019-07-16,"43,693"
2019-07-17,"41,959"
2019-07-18,"34,240"
2019-07-19,"25,620"
2019-07-20,"31,351"
2019-07-21,"33,251"
2019-07-22,"40,842"
2019-07-23,"44,457"
2019-07-24,"42,296"
2019-07-25,"39,323"
2019-07-26,"31,517"
2019-07-27,"19,950"
2019-07-28,"29,319"
2019-07-29,"41,472"
2019-07-30,"27,449"
2019-07-31,"38,299"
2019-08-01,"39,898"
2019-08-02,"38,278"
2019-08-03,"39,388"
2019-08-04,"34,341"
2019-08-05,"34,041"
2019-08-06,"39,369"
2019-08-07,"37,776"
2019-08-08,"40,667"
2019-08-09,"30,719"
2019-08-10,"25,956"
2019-08-11,"29,952"
2019-08-12,"29,570"
2019-08-13,"39,534"
2019-08-14,"19,154"
2019-08-15,"38,018"
2019-08-16,"23,388"
2019-08-17,"29,360"
2019-08-18,"24,122"
2019-08-19,"33,048"
2019-08-20,"39,255"
2019-08-21,"38,251"
2019-08-22,"38,056"
2019-08-23,"35,995"
2019-08-24,"30,776"
2019-08-25,"31,355"
2019-08-26,"33,150"
2019-08-27,"37,597"
2019-08-28,"36,576"
2019-08-29,"38,337"
2019-08-30,"37,147"
2019-08-31,"30,847"
2019-09-01,"29,486"
2019-09-02,"35,280"
2019-09-03,"37,229"
2019-09-04,"33,933"
2019-09-05,"36,722"
2019-09-06,"31,798"
2019-09-07,"28,038"
2019-09-08,"27,969"
2019-09-09,"29,440"
2019-09-10,"36,814"
2019-09-11,"35,787"
2019-09-12,"38,252"
2019-09-13,"37,354"
2019-09-14,"34,966"
2019-09-15,"33,698"
2019-09-16,"32,747"
2019-09-17,"39,025"
2019-09-18,"38,751"
2019-09-19,"38,271"
2019-09-20,"37,699"
2019-09-21,"36,479"
2019-09-22,"24,154"
2019-09-23,"30,941"
2019-09-24,"21,563"
2019-09-25,"32,427"
2019-09-26,"28,976"
2019-09-27,"29,557"
2019-09-28,"24,960"
2019-09-29,"15,478"
2019-09-30,"27,787"
2019-10-01,"24,631"
2019-10-02,"33,923"
2019-10-03,"32,707"
2019-10-04,"32,314"
2019-10-05,"26,578"
2019-10-06,"21,690"
2019-10-07,"28,418"
2019-10-08,"32,894"
2019-10-09,"34,874"
2019-10-10,"35,641"
2019-10-11,"25,222"
2019-10-12,"10,047"
2019-10-13,"16,040"
2019-10-14,"22,519"
2019-10-15,"34,372"
2019-10-16,"30,763"
2019-10-17,"30,259"
2019-10-18,"29,675"
2019-10-19,"25,400"
2019-10-20,"20,545"
2019-10-21,"24,215"
2019-10-22,"33,916"
2019-10-23,"31,786"
2019-10-24,"23,489"
2019-10-25,"28,988"
2019-10-26,"14,397"
2019-10-27,"22,155"
2019-10-28,"30,208"
2019-10-29,"31,225"
2019-10-30,"32,157"
2019-10-31,"30,951"
2019-11-01,"25,128"
2019-11-02,"14,557"
2019-11-03,"18,356"
2019-11-04,"29,198"
2019-11-05,"31,016"
2019-11-06,"30,745"
2019-11-07,"30,244"
2019-11-08,"26,194"
2019-11-09,"12,350"
2019-11-10,"18,491"
2019-11-11,"28,080"
2019-11-12,"27,391"
2019-11-13,"29,661"
2019-11-14,"28,649"
2019-11-15,"21,318"
2019-11-16,"18,553"
2019-11-17,"18,082"
2019-11-18,"28,521"
2019-11-19,"28,760"
2019-11-20,"29,437"
2019-11-21,"27,064"
2019-11-22,"24,865"
2019-11-23,"14,904"
2019-11-24,"15,599"
2019-11-25,"25,722"
2019-11-26,"26,982"
2019-11-27,"26,575"
2019-11-28,"26,030"
2019-11-29,"28,463"
2019-11-30,"18,176"
2019-12-01,"14,242"
2019-12-02,"27,306"
2019-12-03,"29,645"
2019-12-04,"29,458"
2019-12-05,"28,547"
2019-12-06,"21,917"
2019-12-07,"19,235"
2019-12-08,"15,139"
2019-12-09,"27,089"
2019-12-10,"24,198"
2019-12-11,"27,414"
2019-12-12,"19,740"
2019-12-13,"23,189"
2019-12-14,"14,862"
2019-12-15,"14,077"
2019-12-16,"24,344"
2019-12-17,"19,747"
2019-12-18,"24,745"
2019-12-19,"21,679"
2019-12-20,"14,451"
2019-12-21,"9,370"
2019-12-22,"10,407"
2019-12-23,"15,878"
2019-12-24,"10,478"
2019-12-25,"34,674"
2019-12-26,"5,649"
2019-12-27,"11,718"
2019-12-28,"11,414"
2019-12-29,"12,256"
2019-12-30,"16,166"
2019-12-31,"13,043"
2020-01-01,"11,141"
2020-01-02,"18,675"
2020-01-03,"18,434"
2020-01-04,"15,695"
2020-01-05,"12,977"
2020-01-06,"23,771"
2020-01-07,"27,548"
2020-01-08,"28,267"
2020-01-09,"26,621"
2020-01-10,"26,844"
2020-01-11,"18,206"
2020-01-12,"16,501"
2020-01-13,"23,838"
2020-01-14,"23,018"
2020-01-15,"22,496"
2020-01-16,"26,302"
2020-01-17,"25,806"
2020-01-18,"19,812"
2020-01-19,"17,915"
2020-01-20,"28,248"
2020-01-21,"28,829"
2020-01-22,"27,721"
2020-01-23,"28,416"
2020-01-24,"26,408"
2020-01-25,"18,190"
2020-01-26,"12,849"
2020-01-27,"23,481"
2020-01-28,"28,215"
2020-01-29,"28,955"
2020-01-30,"27,962"
2020-01-31,"26,373"